{"type":"FeatureCollection","crs":{"type":"name","properties":{"name":"ESRI:102013"}},"features":[{"type":"Feature","id":2,"geometry":{"type":"Point","coordinates":[-946504.4637000002,3252269.6487000007]},"properties":{"OBJECTID":2,"Unified_Name":"Teampull Pheadair in Shader","Unified_Type":"Chapel and settlement","Unified_Link":"https://portal.historicenvironment.scot/designation/SM5341","ssp1_2050":0,"ssp1_2100":0,"ssp1_2150":0,"ssp2_2050":0,"ssp2_2100":0,"ssp2_2150":0,"ssp5_2050":0,"ssp5_2100":0,"ssp5_2150":1}},{"type":"Feature","id":3,"geometry":{"type":"Point","coordinates":[-987101.81970000081,3234735.9744000006]},"properties":{"OBJECTID":3,"Unified_Name":"Stac Dhomnuill Chaim in Mangersta","Unified_Type":" Fortified promontory","Unified_Link":"https://portal.historicenvironment.scot/designation/SM5327","ssp1_2050":0,"ssp1_2100":0,"ssp1_2150":0,"ssp2_2050":0,"ssp2_2100":0,"ssp2_2150":1,"ssp5_2050":0,"ssp5_2100":1,"ssp5_2150":1}},{"type":"Feature","id":4,"geometry":{"type":"Point","coordinates":[-970551.35109999962,3235039.1219999995]},"properties":{"OBJECTID":4,"Unified_Name":"Dun Barraglom","Unified_Type":"Broch, cup-marked rocks, fish traps, and settlement","Unified_Link":"https://portal.historicenvironment.scot/designation/SM5429","ssp1_2050":0,"ssp1_2100":0,"ssp1_2150":0,"ssp2_2050":0,"ssp2_2100":0,"ssp2_2150":0,"ssp5_2050":0,"ssp5_2100":0,"ssp5_2150":1}},{"type":"Feature","id":5,"geometry":{"type":"Point","coordinates":[-843660.64279999956,3250388.1311000008]},"properties":{"OBJECTID":5,"Unified_Name":"Seanachaisteal","Unified_Type":"Monastic settlement","Unified_Link":"https://portal.historicenvironment.scot/designation/SM5392","ssp1_2050":1,"ssp1_2100":1,"ssp1_2150":1,"ssp2_2050":1,"ssp2_2100":1,"ssp2_2150":1,"ssp5_2050":1,"ssp5_2100":1,"ssp5_2150":1}},{"type":"Feature","id":6,"geometry":{"type":"Point","coordinates":[-1030989.1404999997,3121882.3878000006]},"properties":{"OBJECTID":6,"Unified_Name":"Pollachar","Unified_Type":"Standing stone","Unified_Link":"https://portal.historicenvironment.scot/designation/SM5389","ssp1_2050":0,"ssp1_2100":0,"ssp1_2150":0,"ssp2_2050":0,"ssp2_2100":0,"ssp2_2150":0,"ssp5_2050":0,"ssp5_2100":1,"ssp5_2150":1}},{"type":"Feature","id":7,"geometry":{"type":"Point","coordinates":[-944986.89589999989,2828385.7079000007]},"properties":{"OBJECTID":7,"Unified_Name":"Clanghie Point","Unified_Type":"Fort","Unified_Link":"https://portal.historicenvironment.scot/designation/SM4922","ssp1_2050":0,"ssp1_2100":0,"ssp1_2150":0,"ssp2_2050":0,"ssp2_2100":0,"ssp2_2150":0,"ssp5_2050":0,"ssp5_2100":0,"ssp5_2150":1}},{"type":"Feature","id":8,"geometry":{"type":"Point","coordinates":[-959951.00249999948,2920035.6989999991]},"properties":{"OBJECTID":8,"Unified_Name":"Ugadale Point","Unified_Type":"Dun","Unified_Link":"https://portal.historicenvironment.scot/designation/SM3225","ssp1_2050":0,"ssp1_2100":0,"ssp1_2150":0,"ssp2_2050":0,"ssp2_2100":0,"ssp2_2150":0,"ssp5_2050":0,"ssp5_2100":0,"ssp5_2150":1}},{"type":"Feature","id":9,"geometry":{"type":"Point","coordinates":[-1007491.7277000006,3178848.8191]},"properties":{"OBJECTID":9,"Unified_Name":"Dun Torcuill","Unified_Type":"Dun","Unified_Link":"https://portal.historicenvironment.scot/designation/SM2349","ssp1_2050":0,"ssp1_2100":0,"ssp1_2150":0,"ssp2_2050":0,"ssp2_2100":0,"ssp2_2150":0,"ssp5_2050":0,"ssp5_2100":0,"ssp5_2150":1}},{"type":"Feature","id":10,"geometry":{"type":"Point","coordinates":[-1006039.4416000005,3182655.6414000001]},"properties":{"OBJECTID":10,"Unified_Name":"Dun an Sticer","Unified_Type":"Dun","Unified_Link":"https://portal.historicenvironment.scot/designation/SM2352","ssp1_2050":0,"ssp1_2100":0,"ssp1_2150":0,"ssp2_2050":0,"ssp2_2100":0,"ssp2_2150":0,"ssp5_2050":0,"ssp5_2100":0,"ssp5_2150":1}},{"type":"Feature","id":11,"geometry":{"type":"Point","coordinates":[-1031618.3361000009,3137739.7447999995]},"properties":{"OBJECTID":11,"Unified_Name":"Dun Vulan in Loch Ardvule","Unified_Type":"Dun","Unified_Link":"https://portal.historicenvironment.scot/designation/SM3260","ssp1_2050":0,"ssp1_2100":0,"ssp1_2150":0,"ssp2_2050":0,"ssp2_2100":0,"ssp2_2150":0,"ssp5_2050":0,"ssp5_2100":0,"ssp5_2150":1}},{"type":"Feature","id":12,"geometry":{"type":"Point","coordinates":[-974582.62700000033,3048627.5840000007]},"properties":{"OBJECTID":12,"Unified_Name":"Eilean na Carraidh","Unified_Type":"Fish trap","Unified_Link":"https://portal.historicenvironment.scot/designation/SM10561","ssp1_2050":0,"ssp1_2100":0,"ssp1_2150":0,"ssp2_2050":0,"ssp2_2100":0,"ssp2_2150":0,"ssp5_2050":0,"ssp5_2100":0,"ssp5_2150":1}},{"type":"Feature","id":13,"geometry":{"type":"Point","coordinates":[-926894.92139999941,3030245.7444000002]},"properties":{"OBJECTID":13,"Unified_Name":"Dalrannach","Unified_Type":"Cairn","Unified_Link":"https://portal.historicenvironment.scot/designation/SM3892","ssp1_2050":0,"ssp1_2100":0,"ssp1_2150":0,"ssp2_2050":0,"ssp2_2100":0,"ssp2_2150":0,"ssp5_2050":0,"ssp5_2100":0,"ssp5_2150":1}},{"type":"Feature","id":15,"geometry":{"type":"Point","coordinates":[-740157.74609999917,3280970.9508999996]},"properties":{"OBJECTID":15,"Unified_Name":"Burness","Unified_Type":"Broch and chapel","Unified_Link":"https://portal.historicenvironment.scot/designation/SM1253","ssp1_2050":0,"ssp1_2100":0,"ssp1_2150":0,"ssp2_2050":0,"ssp2_2100":0,"ssp2_2150":0,"ssp5_2050":0,"ssp5_2100":0,"ssp5_2150":1}},{"type":"Feature","id":17,"geometry":{"type":"Point","coordinates":[-748685.70219999924,3285201.5232999995]},"properties":{"OBJECTID":17,"Unified_Name":"Burrian","Unified_Type":"Broch","Unified_Link":"https://portal.historicenvironment.scot/designation/SM1429","ssp1_2050":0,"ssp1_2100":0,"ssp1_2150":0,"ssp2_2050":0,"ssp2_2100":0,"ssp2_2150":0,"ssp5_2050":0,"ssp5_2100":0,"ssp5_2150":1}},{"type":"Feature","id":18,"geometry":{"type":"Point","coordinates":[-1001697.6096000001,3176147.2940999996]},"properties":{"OBJECTID":18,"Unified_Name":"Loch na Caiginn","Unified_Type":"Dun and settlement","Unified_Link":"https://portal.historicenvironment.scot/designation/SM5855","ssp1_2050":0,"ssp1_2100":0,"ssp1_2150":0,"ssp2_2050":0,"ssp2_2100":0,"ssp2_2150":0,"ssp5_2050":0,"ssp5_2100":0,"ssp5_2150":1}},{"type":"Feature","id":19,"geometry":{"type":"Point","coordinates":[-720981.52470000088,3270848.8483000007]},"properties":{"OBJECTID":19,"Unified_Name":"Brough of Deerness","Unified_Type":"Chapel and settlement","Unified_Link":"https://portal.historicenvironment.scot/designation/SM4654","ssp1_2050":0,"ssp1_2100":0,"ssp1_2150":0,"ssp2_2050":0,"ssp2_2100":0,"ssp2_2150":0,"ssp5_2050":0,"ssp5_2100":0,"ssp5_2150":1}},{"type":"Feature","id":20,"geometry":{"type":"Point","coordinates":[-911463.22540000081,2960810.2986999992]},"properties":{"OBJECTID":20,"Unified_Name":"Cloch Lighthouse","Unified_Type":"Anti-submarine tethering points","Unified_Link":"https://portal.historicenvironment.scot/designation/SM12802","ssp1_2050":1,"ssp1_2100":1,"ssp1_2150":1,"ssp2_2050":1,"ssp2_2100":1,"ssp2_2150":1,"ssp5_2050":1,"ssp5_2100":1,"ssp5_2150":1}},{"type":"Feature","id":22,"geometry":{"type":"Point","coordinates":[-716138.54429999925,3285912.7947000004]},"properties":{"OBJECTID":22,"Unified_Name":"Hillock of Baywest","Unified_Type":"Broch","Unified_Link":"https://portal.historicenvironment.scot/designation/SM1446","ssp1_2050":0,"ssp1_2100":0,"ssp1_2150":0,"ssp2_2050":0,"ssp2_2100":0,"ssp2_2150":0,"ssp5_2050":0,"ssp5_2100":0,"ssp5_2150":1}},{"type":"Feature","id":23,"geometry":{"type":"Point","coordinates":[-716182.38550000079,3286519.3882999998]},"properties":{"OBJECTID":23,"Unified_Name":"Lochend","Unified_Type":"Chambered cairn","Unified_Link":"https://portal.historicenvironment.scot/designation/SM5992","ssp1_2050":0,"ssp1_2100":0,"ssp1_2150":0,"ssp2_2050":0,"ssp2_2100":0,"ssp2_2150":0,"ssp5_2050":0,"ssp5_2100":0,"ssp5_2150":1}},{"type":"Feature","id":24,"geometry":{"type":"Point","coordinates":[-751354.7293999996,3277497.6799999997]},"properties":{"OBJECTID":24,"Unified_Name":"Cummi Howe","Unified_Type":"Broch","Unified_Link":"https://portal.historicenvironment.scot/designation/SM1256","ssp1_2050":0,"ssp1_2100":0,"ssp1_2150":0,"ssp2_2050":0,"ssp2_2100":0,"ssp2_2150":0,"ssp5_2050":0,"ssp5_2100":1,"ssp5_2150":1}},{"type":"Feature","id":25,"geometry":{"type":"Point","coordinates":[-723788.56269999966,3314393.8882999998]},"properties":{"OBJECTID":25,"Unified_Name":"St Tredwell's Chapel","Unified_Type":"Chapel and settlement mound","Unified_Link":"https://portal.historicenvironment.scot/designation/SM2124","ssp1_2050":0,"ssp1_2100":0,"ssp1_2150":0,"ssp2_2050":0,"ssp2_2100":0,"ssp2_2150":0,"ssp5_2050":0,"ssp5_2100":0,"ssp5_2150":1}},{"type":"Feature","id":26,"geometry":{"type":"Point","coordinates":[-737005.35109999962,3292597.6989999991]},"properties":{"OBJECTID":26,"Unified_Name":"Knowe of Burrian","Unified_Type":"Broch","Unified_Link":"https://portal.historicenvironment.scot/designation/SM1451","ssp1_2050":0,"ssp1_2100":0,"ssp1_2150":0,"ssp2_2050":0,"ssp2_2100":0,"ssp2_2150":0,"ssp5_2050":0,"ssp5_2100":0,"ssp5_2150":1}},{"type":"Feature","id":27,"geometry":{"type":"Point","coordinates":[-740718.55629999936,3249028.6612]},"properties":{"OBJECTID":27,"Unified_Name":"Castle of Burwick","Unified_Type":"Promontory fort","Unified_Link":"https://portal.historicenvironment.scot/designation/SM13524","ssp1_2050":1,"ssp1_2100":1,"ssp1_2150":1,"ssp2_2050":1,"ssp2_2100":1,"ssp2_2150":1,"ssp5_2050":1,"ssp5_2100":1,"ssp5_2150":1}},{"type":"Feature","id":29,"geometry":{"type":"Point","coordinates":[-872843.65440000035,3218277.9528000001]},"properties":{"OBJECTID":29,"Unified_Name":"An Dun","Unified_Type":"Broch","Unified_Link":"https://portal.historicenvironment.scot/designation/SM1832","ssp1_2050":1,"ssp1_2100":1,"ssp1_2150":1,"ssp2_2050":1,"ssp2_2100":1,"ssp2_2150":1,"ssp5_2050":1,"ssp5_2100":1,"ssp5_2150":1}},{"type":"Feature","id":30,"geometry":{"type":"Point","coordinates":[-975512.81599999964,3040076.9047999997]},"properties":{"OBJECTID":30,"Unified_Name":"Dun nan Gall Broch","Unified_Type":"Dun","Unified_Link":"https://portal.historicenvironment.scot/designation/SM13687","ssp1_2050":0,"ssp1_2100":0,"ssp1_2150":0,"ssp2_2050":0,"ssp2_2100":0,"ssp2_2150":0,"ssp5_2050":0,"ssp5_2100":0,"ssp5_2150":1}},{"type":"Feature","id":31,"geometry":{"type":"Point","coordinates":[-885385.37680000067,2950952.9645000007]},"properties":{"OBJECTID":31,"Unified_Name":"Newshot Island at River Clyde","Unified_Type":"Remains of diving support vessel and dredging barges","Unified_Link":"https://portal.historicenvironment.scot/designation/SM13692","ssp1_2050":1,"ssp1_2100":1,"ssp1_2150":1,"ssp2_2050":1,"ssp2_2100":1,"ssp2_2150":1,"ssp5_2050":1,"ssp5_2100":1,"ssp5_2150":1}},{"type":"Feature","id":33,"geometry":{"type":"Point","coordinates":[-941976.12790000066,2939840.1336000003]},"properties":{"OBJECTID":33,"Unified_Name":"Lochranza Castle in Arran","Unified_Type":"Castle","Unified_Link":"https://portal.historicenvironment.scot/designation/SM90206","ssp1_2050":0,"ssp1_2100":0,"ssp1_2150":0,"ssp2_2050":0,"ssp2_2100":0,"ssp2_2150":0,"ssp5_2050":0,"ssp5_2100":0,"ssp5_2150":1}},{"type":"Feature","id":34,"geometry":{"type":"Point","coordinates":[-955114.06970000081,3247525.2974999994]},"properties":{"OBJECTID":34,"Unified_Name":"Dun in Eilean Loch Arnol","Unified_Type":"Dun","Unified_Link":"https://portal.historicenvironment.scot/designation/SM13787","ssp1_2050":0,"ssp1_2100":0,"ssp1_2150":0,"ssp2_2050":0,"ssp2_2100":0,"ssp2_2150":0,"ssp5_2050":0,"ssp5_2100":0,"ssp5_2150":1}},{"type":"Feature","id":35,"geometry":{"type":"Point","coordinates":[-771143.3060999997,2345579.5294000003]},"properties":{"OBJECTID":35,"Unified_Name":"Bastion No 1","Unified_Type":" Gosport Lines","Unified_Link":"https://historicengland.org.uk/listing/the-list/list-entry/1001849","ssp1_2050":0,"ssp1_2100":0,"ssp1_2150":0,"ssp2_2050":0,"ssp2_2100":0,"ssp2_2150":0,"ssp5_2050":0,"ssp5_2100":0,"ssp5_2150":1}},{"type":"Feature","id":36,"geometry":{"type":"Point","coordinates":[-606562.72340000048,2455049.3553999998]},"properties":{"OBJECTID":36,"Unified_Name":"Ring ditches","Unified_Type":"Scheduled Monument","Unified_Link":"https://historicengland.org.uk/listing/the-list/list-entry/1002135","ssp1_2050":0,"ssp1_2100":0,"ssp1_2150":0,"ssp2_2050":0,"ssp2_2100":0,"ssp2_2150":0,"ssp5_2050":0,"ssp5_2100":0,"ssp5_2150":1}},{"type":"Feature","id":37,"geometry":{"type":"Point","coordinates":[-623923.76479999907,2414611.5067999996]},"properties":{"OBJECTID":37,"Unified_Name":"Romano-British burial site on Foulness Island","Unified_Type":"Burial site","Unified_Link":"https://historicengland.org.uk/listing/the-list/list-entry/1002149","ssp1_2050":0,"ssp1_2100":0,"ssp1_2150":0,"ssp2_2050":0,"ssp2_2100":0,"ssp2_2150":1,"ssp5_2050":0,"ssp5_2100":0,"ssp5_2150":1}},{"type":"Feature","id":38,"geometry":{"type":"Point","coordinates":[-988784.91169999912,2331220.3541000001]},"properties":{"OBJECTID":38,"Unified_Name":"Breakwater fort","Unified_Type":"Scheduled Monument","Unified_Link":"https://historicengland.org.uk/listing/the-list/list-entry/1002623","ssp1_2050":1,"ssp1_2100":1,"ssp1_2150":1,"ssp2_2050":1,"ssp2_2100":1,"ssp2_2150":1,"ssp5_2050":1,"ssp5_2100":1,"ssp5_2150":1}},{"type":"Feature","id":39,"geometry":{"type":"Point","coordinates":[-670290.49349999987,2550183.9804999996]},"properties":{"OBJECTID":39,"Unified_Name":"Settlement in Moulton West Fen","Unified_Type":"Scheduled Monument","Unified_Link":"https://historicengland.org.uk/listing/the-list/list-entry/1002944","ssp1_2050":0,"ssp1_2100":0,"ssp1_2150":0,"ssp2_2050":0,"ssp2_2100":0,"ssp2_2150":0,"ssp5_2050":0,"ssp5_2100":0,"ssp5_2150":1}},{"type":"Feature","id":40,"geometry":{"type":"Point","coordinates":[-671158.01909999922,2552096.9025999997]},"properties":{"OBJECTID":40,"Unified_Name":"Settlement near Lower Delgate Farm","Unified_Type":"Scheduled Monument","Unified_Link":"https://historicengland.org.uk/listing/the-list/list-entry/1002945","ssp1_2050":0,"ssp1_2100":0,"ssp1_2150":0,"ssp2_2050":0,"ssp2_2100":0,"ssp2_2150":0,"ssp5_2050":0,"ssp5_2100":0,"ssp5_2150":1}},{"type":"Feature","id":41,"geometry":{"type":"Point","coordinates":[-633711.76029999927,2352374.0906000007]},"properties":{"OBJECTID":41,"Unified_Name":"World War II underground operational base","Unified_Type":"Scheduled Monument","Unified_Link":"https://historicengland.org.uk/listing/the-list/list-entry/1003123","ssp1_2050":0,"ssp1_2100":0,"ssp1_2150":0,"ssp2_2050":0,"ssp2_2100":0,"ssp2_2150":0,"ssp5_2050":0,"ssp5_2100":0,"ssp5_2150":1}},{"type":"Feature","id":42,"geometry":{"type":"Point","coordinates":[-740576.26930000074,2909060.7797999997]},"properties":{"OBJECTID":42,"Unified_Name":"Berwick Bridge","Unified_Type":"Scheduled Monument","Unified_Link":"https://historicengland.org.uk/listing/the-list/list-entry/1003654","ssp1_2050":1,"ssp1_2100":1,"ssp1_2150":1,"ssp2_2050":1,"ssp2_2100":1,"ssp2_2150":1,"ssp5_2050":1,"ssp5_2100":1,"ssp5_2150":1}},{"type":"Feature","id":43,"geometry":{"type":"Point","coordinates":[-973153.94319999963,2413219.3400999997]},"properties":{"OBJECTID":43,"Unified_Name":"Double stone alignment on Isley Marsh","Unified_Type":"Scheduled Monument","Unified_Link":"https://historicengland.org.uk/listing/the-list/list-entry/1003847","ssp1_2050":0,"ssp1_2100":0,"ssp1_2150":0,"ssp2_2050":0,"ssp2_2100":0,"ssp2_2150":0,"ssp5_2050":0,"ssp5_2100":0,"ssp5_2150":1}},{"type":"Feature","id":44,"geometry":{"type":"Point","coordinates":[-561618.81179999933,2528503.0772999991]},"properties":{"OBJECTID":44,"Unified_Name":"Site of St Mary's Priory, Wey Bridge","Unified_Type":"Scheduled Monument","Unified_Link":"https://historicengland.org.uk/listing/the-list/list-entry/1003944","ssp1_2050":0,"ssp1_2100":1,"ssp1_2150":1,"ssp2_2050":0,"ssp2_2100":1,"ssp2_2150":1,"ssp5_2050":0,"ssp5_2100":1,"ssp5_2150":1}},{"type":"Feature","id":45,"geometry":{"type":"Point","coordinates":[-557796.00659999996,2521121.9343999997]},"properties":{"OBJECTID":45,"Unified_Name":"Berney Arms windmill","Unified_Type":"Scheduled Monument","Unified_Link":"https://historicengland.org.uk/listing/the-list/list-entry/1003957","ssp1_2050":0,"ssp1_2100":1,"ssp1_2150":1,"ssp2_2050":0,"ssp2_2100":1,"ssp2_2150":1,"ssp5_2050":0,"ssp5_2100":1,"ssp5_2150":1}},{"type":"Feature","id":46,"geometry":{"type":"Point","coordinates":[-568109.26559999958,2520744.9005999994]},"properties":{"OBJECTID":46,"Unified_Name":"Langley Abbey","Unified_Type":"Scheduled Monument","Unified_Link":"https://historicengland.org.uk/listing/the-list/list-entry/1004001","ssp1_2050":0,"ssp1_2100":0,"ssp1_2150":0,"ssp2_2050":0,"ssp2_2100":0,"ssp2_2150":0,"ssp5_2050":0,"ssp5_2100":0,"ssp5_2150":1}},{"type":"Feature","id":47,"geometry":{"type":"Point","coordinates":[-559969.17540000007,2535375.9138999991]},"properties":{"OBJECTID":47,"Unified_Name":"Potter Heigham Bridge","Unified_Type":"Scheduled Monument","Unified_Link":"https://historicengland.org.uk/listing/the-list/list-entry/1004004","ssp1_2050":0,"ssp1_2100":1,"ssp1_2150":1,"ssp2_2050":0,"ssp2_2100":1,"ssp2_2150":1,"ssp5_2050":0,"ssp5_2100":1,"ssp5_2150":1}},{"type":"Feature","id":48,"geometry":{"type":"Point","coordinates":[-862705.23509999923,2791140.2837000005]},"properties":{"OBJECTID":48,"Unified_Name":"Old quay and old quay lighthouse","Unified_Type":"Scheduled Monument","Unified_Link":"https://historicengland.org.uk/listing/the-list/list-entry/1004593","ssp1_2050":0,"ssp1_2100":0,"ssp1_2150":0,"ssp2_2050":0,"ssp2_2100":0,"ssp2_2150":0,"ssp5_2050":0,"ssp5_2100":0,"ssp5_2150":1}},{"type":"Feature","id":49,"geometry":{"type":"Point","coordinates":[-671932.63939999975,2592482.4426000006]},"properties":{"OBJECTID":49,"Unified_Name":"Dogdyke Pumping Station","Unified_Type":"Scheduled Monument","Unified_Link":"https://historicengland.org.uk/listing/the-list/list-entry/1004942","ssp1_2050":0,"ssp1_2100":0,"ssp1_2150":0,"ssp2_2050":0,"ssp2_2100":0,"ssp2_2150":0,"ssp5_2050":0,"ssp5_2100":0,"ssp5_2150":1}},{"type":"Feature","id":50,"geometry":{"type":"Point","coordinates":[-668218.23259999976,2545095.6723999996]},"properties":{"OBJECTID":50,"Unified_Name":"Fleet settlement site near Lambert Drain","Unified_Type":"Scheduled Monument","Unified_Link":"https://historicengland.org.uk/listing/the-list/list-entry/1004950","ssp1_2050":0,"ssp1_2100":0,"ssp1_2150":0,"ssp2_2050":0,"ssp2_2100":0,"ssp2_2150":0,"ssp5_2050":0,"ssp5_2100":0,"ssp5_2150":1}},{"type":"Feature","id":51,"geometry":{"type":"Point","coordinates":[-678017.98709999956,2575659.4032000005]},"properties":{"OBJECTID":51,"Unified_Name":"Roman saltern in Helpringham Fen","Unified_Type":"Scheduled Monument","Unified_Link":"https://historicengland.org.uk/listing/the-list/list-entry/1004962","ssp1_2050":0,"ssp1_2100":0,"ssp1_2150":0,"ssp2_2050":0,"ssp2_2100":0,"ssp2_2150":0,"ssp5_2050":0,"ssp5_2100":0,"ssp5_2150":1}},{"type":"Feature","id":52,"geometry":{"type":"Point","coordinates":[-671491.67510000058,2552388.2307999991]},"properties":{"OBJECTID":52,"Unified_Name":"Settlement between Broadgate Farm and Lower Delgate Farm","Unified_Type":"Scheduled Monument","Unified_Link":"https://historicengland.org.uk/listing/the-list/list-entry/1004963","ssp1_2050":0,"ssp1_2100":0,"ssp1_2150":0,"ssp2_2050":0,"ssp2_2100":0,"ssp2_2150":0,"ssp5_2050":0,"ssp5_2100":0,"ssp5_2150":1}},{"type":"Feature","id":53,"geometry":{"type":"Point","coordinates":[-678431.49300000072,2560204.2060000002]},"properties":{"OBJECTID":53,"Unified_Name":"Settlement near Bank House","Unified_Type":"Scheduled Monument","Unified_Link":"https://historicengland.org.uk/listing/the-list/list-entry/1004975","ssp1_2050":0,"ssp1_2100":0,"ssp1_2150":0,"ssp2_2050":0,"ssp2_2100":0,"ssp2_2150":0,"ssp5_2050":0,"ssp5_2100":0,"ssp5_2150":1}},{"type":"Feature","id":54,"geometry":{"type":"Point","coordinates":[-681481.54759999923,2565312.3568999991]},"properties":{"OBJECTID":54,"Unified_Name":"Settlement between Rippingale Running Dike and Long Drove","Unified_Type":"Scheduled Monument","Unified_Link":"https://historicengland.org.uk/listing/the-list/list-entry/1004976","ssp1_2050":0,"ssp1_2100":0,"ssp1_2150":0,"ssp2_2050":0,"ssp2_2100":0,"ssp2_2150":0,"ssp5_2050":0,"ssp5_2100":0,"ssp5_2150":1}},{"type":"Feature","id":55,"geometry":{"type":"Point","coordinates":[-670682.69360000081,2549487.2864999995]},"properties":{"OBJECTID":55,"Unified_Name":"Settlement near Whitebread Farm","Unified_Type":"Scheduled Monument","Unified_Link":"https://historicengland.org.uk/listing/the-list/list-entry/1004978","ssp1_2050":0,"ssp1_2100":0,"ssp1_2150":0,"ssp2_2050":0,"ssp2_2100":0,"ssp2_2150":0,"ssp5_2050":0,"ssp5_2100":0,"ssp5_2150":1}},{"type":"Feature","id":56,"geometry":{"type":"Point","coordinates":[-669552.4907000009,2549010.1883000005]},"properties":{"OBJECTID":56,"Unified_Name":"Settlement near Cate's Cove Corner","Unified_Type":"Scheduled Monument","Unified_Link":"https://historicengland.org.uk/listing/the-list/list-entry/1004979","ssp1_2050":0,"ssp1_2100":0,"ssp1_2150":0,"ssp2_2050":0,"ssp2_2100":0,"ssp2_2150":0,"ssp5_2050":0,"ssp5_2100":0,"ssp5_2150":1}},{"type":"Feature","id":57,"geometry":{"type":"Point","coordinates":[-677195.72839999944,2555743.3556999993]},"properties":{"OBJECTID":57,"Unified_Name":"Settlement near The Parks","Unified_Type":"Scheduled Monument","Unified_Link":"https://historicengland.org.uk/listing/the-list/list-entry/1004980","ssp1_2050":0,"ssp1_2100":0,"ssp1_2150":0,"ssp2_2050":0,"ssp2_2100":0,"ssp2_2150":0,"ssp5_2050":0,"ssp5_2100":0,"ssp5_2150":1}},{"type":"Feature","id":58,"geometry":{"type":"Point","coordinates":[-677684.73409999907,2554963.2340999991]},"properties":{"OBJECTID":58,"Unified_Name":"Settlement near The Parks","Unified_Type":"Scheduled Monument","Unified_Link":"https://historicengland.org.uk/listing/the-list/list-entry/1004981","ssp1_2050":0,"ssp1_2100":0,"ssp1_2150":0,"ssp2_2050":0,"ssp2_2100":0,"ssp2_2150":0,"ssp5_2050":0,"ssp5_2100":0,"ssp5_2150":1}},{"type":"Feature","id":59,"geometry":{"type":"Point","coordinates":[-665360.1138000004,2550397.2336999997]},"properties":{"OBJECTID":59,"Unified_Name":"Romano-British settlement near Shell Bridge","Unified_Type":"Scheduled Monument","Unified_Link":"https://historicengland.org.uk/listing/the-list/list-entry/1004982","ssp1_2050":0,"ssp1_2100":0,"ssp1_2150":0,"ssp2_2050":0,"ssp2_2100":0,"ssp2_2150":0,"ssp5_2050":0,"ssp5_2100":0,"ssp5_2150":1}},{"type":"Feature","id":60,"geometry":{"type":"Point","coordinates":[-621008.91599999927,2356364.8379999995]},"properties":{"OBJECTID":60,"Unified_Name":"Royal Military Canal, Honeypot Cottage to West Hythe Dam","Unified_Type":"Scheduled Monument","Unified_Link":"https://historicengland.org.uk/listing/the-list/list-entry/1005113","ssp1_2050":0,"ssp1_2100":0,"ssp1_2150":0,"ssp2_2050":0,"ssp2_2100":0,"ssp2_2150":0,"ssp5_2050":0,"ssp5_2100":0,"ssp5_2150":1}},{"type":"Feature","id":61,"geometry":{"type":"Point","coordinates":[-633029.15509999916,2355889.1568]},"properties":{"OBJECTID":61,"Unified_Name":"Royal Military Canal, Kenardington Bridge to Warehorne Bridge","Unified_Type":"Scheduled Monument","Unified_Link":"https://historicengland.org.uk/listing/the-list/list-entry/1005125","ssp1_2050":0,"ssp1_2100":0,"ssp1_2150":0,"ssp2_2050":0,"ssp2_2100":0,"ssp2_2150":0,"ssp5_2050":0,"ssp5_2100":0,"ssp5_2150":1}},{"type":"Feature","id":62,"geometry":{"type":"Point","coordinates":[-631680.13880000077,2355994.5384999998]},"properties":{"OBJECTID":62,"Unified_Name":"Royal Military Canal, Warehorne Bridge to Ham Street Bridge","Unified_Type":"Scheduled Monument","Unified_Link":"https://historicengland.org.uk/listing/the-list/list-entry/1005126","ssp1_2050":0,"ssp1_2100":0,"ssp1_2150":0,"ssp2_2050":0,"ssp2_2100":0,"ssp2_2150":0,"ssp5_2050":0,"ssp5_2100":0,"ssp5_2150":1}},{"type":"Feature","id":63,"geometry":{"type":"Point","coordinates":[-728434.89980000071,2355703.4656000007]},"properties":{"OBJECTID":63,"Unified_Name":"Greatham Bridge","Unified_Type":"Scheduled Monument","Unified_Link":"https://historicengland.org.uk/listing/the-list/list-entry/1005846","ssp1_2050":0,"ssp1_2100":0,"ssp1_2150":0,"ssp2_2050":0,"ssp2_2100":0,"ssp2_2150":0,"ssp5_2050":0,"ssp5_2100":0,"ssp5_2150":1}},{"type":"Feature","id":64,"geometry":{"type":"Point","coordinates":[-578300.6026000008,2459832.8480999991]},"properties":{"OBJECTID":64,"Unified_Name":"Martello tower near Buckanay Farm","Unified_Type":"Scheduled Monument","Unified_Link":"https://historicengland.org.uk/listing/the-list/list-entry/1006014","ssp1_2050":0,"ssp1_2100":1,"ssp1_2150":1,"ssp2_2050":0,"ssp2_2100":1,"ssp2_2150":1,"ssp5_2050":1,"ssp5_2100":1,"ssp5_2150":1}},{"type":"Feature","id":65,"geometry":{"type":"Point","coordinates":[-578687.04419999942,2458980.1339999996]},"properties":{"OBJECTID":65,"Unified_Name":"Martello tower by Bawdsey Beach","Unified_Type":"Scheduled Monument","Unified_Link":"https://historicengland.org.uk/listing/the-list/list-entry/1006015","ssp1_2050":0,"ssp1_2100":1,"ssp1_2150":1,"ssp2_2050":0,"ssp2_2100":1,"ssp2_2150":1,"ssp5_2050":0,"ssp5_2100":1,"ssp5_2150":1}},{"type":"Feature","id":66,"geometry":{"type":"Point","coordinates":[-654731.85559999943,2504660.7304999996]},"properties":{"OBJECTID":66,"Unified_Name":"Settlement site near Tiled House Farm","Unified_Type":"Scheduled Monument","Unified_Link":"https://historicengland.org.uk/listing/the-list/list-entry/1006795","ssp1_2050":0,"ssp1_2100":0,"ssp1_2150":0,"ssp2_2050":0,"ssp2_2100":0,"ssp2_2150":0,"ssp5_2050":0,"ssp5_2100":0,"ssp5_2150":1}},{"type":"Feature","id":67,"geometry":{"type":"Point","coordinates":[-655353.71230000071,2504596.9892999995]},"properties":{"OBJECTID":67,"Unified_Name":"Stretham pumping engine","Unified_Type":"Scheduled Monument","Unified_Link":"https://historicengland.org.uk/listing/the-list/list-entry/1006893","ssp1_2050":0,"ssp1_2100":0,"ssp1_2150":0,"ssp2_2050":0,"ssp2_2100":0,"ssp2_2150":0,"ssp5_2050":0,"ssp5_2100":0,"ssp5_2150":1}},{"type":"Feature","id":68,"geometry":{"type":"Point","coordinates":[-662050.24819999933,2516025.4470000006]},"properties":{"OBJECTID":68,"Unified_Name":"Barrow near Common Farm","Unified_Type":"Scheduled Monument","Unified_Link":"https://historicengland.org.uk/listing/the-list/list-entry/1006916","ssp1_2050":0,"ssp1_2100":0,"ssp1_2150":1,"ssp2_2050":0,"ssp2_2100":1,"ssp2_2150":1,"ssp5_2050":0,"ssp5_2100":1,"ssp5_2150":1}},{"type":"Feature","id":69,"geometry":{"type":"Point","coordinates":[-1150960.6901999991,2313715.8534999993]},"properties":{"OBJECTID":69,"Unified_Name":"Round cairn on Wingletang Down","Unified_Type":"Scheduled Monument","Unified_Link":"https://historicengland.org.uk/listing/the-list/list-entry/1009264","ssp1_2050":0,"ssp1_2100":0,"ssp1_2150":0,"ssp2_2050":0,"ssp2_2100":0,"ssp2_2150":0,"ssp5_2050":0,"ssp5_2100":0,"ssp5_2150":1}},{"type":"Feature","id":70,"geometry":{"type":"Point","coordinates":[-639213.14540000074,2527700.5106000006]},"properties":{"OBJECTID":70,"Unified_Name":"Roman farmstead and adjacent enclosures near Rose Hill Farm","Unified_Type":"Scheduled Monument","Unified_Link":"https://historicengland.org.uk/listing/the-list/list-entry/1009982","ssp1_2050":0,"ssp1_2100":0,"ssp1_2150":0,"ssp2_2050":0,"ssp2_2100":0,"ssp2_2150":0,"ssp5_2050":0,"ssp5_2100":0,"ssp5_2150":1}},{"type":"Feature","id":71,"geometry":{"type":"Point","coordinates":[-645060.98430000059,2545669.8904999997]},"properties":{"OBJECTID":71,"Unified_Name":"Moated site and formal garden remains at Aylmer Hall","Unified_Type":"Scheduled Monument","Unified_Link":"https://historicengland.org.uk/listing/the-list/list-entry/1009985","ssp1_2050":0,"ssp1_2100":0,"ssp1_2150":0,"ssp2_2050":0,"ssp2_2100":0,"ssp2_2150":0,"ssp5_2050":0,"ssp5_2100":0,"ssp5_2150":1}},{"type":"Feature","id":72,"geometry":{"type":"Point","coordinates":[-642594.40990000032,2549781.4090999998]},"properties":{"OBJECTID":72,"Unified_Name":"Medieval settlement remains north of Kenwick Farm house","Unified_Type":"Scheduled Monument","Unified_Link":"https://historicengland.org.uk/listing/the-list/list-entry/1009986","ssp1_2050":0,"ssp1_2100":0,"ssp1_2150":0,"ssp2_2050":0,"ssp2_2100":0,"ssp2_2150":0,"ssp5_2050":0,"ssp5_2100":0,"ssp5_2150":1}},{"type":"Feature","id":73,"geometry":{"type":"Point","coordinates":[-663837.71890000068,2516636.3232000005]},"properties":{"OBJECTID":73,"Unified_Name":"Neolithic enclosures at Grey's Farm, Horseley Fen","Unified_Type":"Scheduled Monument","Unified_Link":"https://historicengland.org.uk/listing/the-list/list-entry/1009993","ssp1_2050":0,"ssp1_2100":0,"ssp1_2150":0,"ssp2_2050":0,"ssp2_2100":0,"ssp2_2150":0,"ssp5_2050":0,"ssp5_2100":1,"ssp5_2150":1}},{"type":"Feature","id":74,"geometry":{"type":"Point","coordinates":[-663883.15670000017,2510754.0448000003]},"properties":{"OBJECTID":74,"Unified_Name":"Long barrow at South Fen","Unified_Type":"Scheduled Monument","Unified_Link":"https://historicengland.org.uk/listing/the-list/list-entry/1009994","ssp1_2050":0,"ssp1_2100":0,"ssp1_2150":0,"ssp2_2050":0,"ssp2_2100":0,"ssp2_2150":0,"ssp5_2050":0,"ssp5_2100":0,"ssp5_2150":1}},{"type":"Feature","id":75,"geometry":{"type":"Point","coordinates":[-679936.57789999992,2611727.1740000006]},"properties":{"OBJECTID":75,"Unified_Name":"Four bowl barrows, part of Barlings-Stainfield barrow cemetery","Unified_Type":"Scheduled Monument","Unified_Link":"https://historicengland.org.uk/listing/the-list/list-entry/1009996","ssp1_2050":0,"ssp1_2100":0,"ssp1_2150":0,"ssp2_2050":0,"ssp2_2100":0,"ssp2_2150":0,"ssp5_2050":0,"ssp5_2100":0,"ssp5_2150":1}},{"type":"Feature","id":76,"geometry":{"type":"Point","coordinates":[-1145273.6298999991,2323227.1173]},"properties":{"OBJECTID":76,"Unified_Name":"Kerbed platform cairn and prehistoric field system north west of Porth Morran, White Island","Unified_Type":"Scheduled Monument","Unified_Link":"https://historicengland.org.uk/listing/the-list/list-entry/1010161","ssp1_2050":0,"ssp1_2100":0,"ssp1_2150":0,"ssp2_2050":0,"ssp2_2100":0,"ssp2_2150":0,"ssp5_2050":0,"ssp5_2100":0,"ssp5_2150":1}},{"type":"Feature","id":77,"geometry":{"type":"Point","coordinates":[-658682.37289999984,2550469.0500000007]},"properties":{"OBJECTID":77,"Unified_Name":"Boundary cross, Manor Hill Corner","Unified_Type":"Scheduled Monument","Unified_Link":"https://historicengland.org.uk/listing/the-list/list-entry/1010688","ssp1_2050":0,"ssp1_2100":0,"ssp1_2150":0,"ssp2_2050":0,"ssp2_2100":0,"ssp2_2150":0,"ssp5_2050":0,"ssp5_2100":0,"ssp5_2150":1}},{"type":"Feature","id":78,"geometry":{"type":"Point","coordinates":[-646896.17640000023,2588064.6081000008]},"properties":{"OBJECTID":78,"Unified_Name":"Moated site near All Saints Church","Unified_Type":"Scheduled Monument","Unified_Link":"https://historicengland.org.uk/listing/the-list/list-entry/1011453","ssp1_2050":0,"ssp1_2100":0,"ssp1_2150":0,"ssp2_2050":0,"ssp2_2100":0,"ssp2_2150":0,"ssp5_2050":0,"ssp5_2100":0,"ssp5_2150":1}},{"type":"Feature","id":79,"geometry":{"type":"Point","coordinates":[-664119.79219999909,2516071.0719000008]},"properties":{"OBJECTID":79,"Unified_Name":"Bowl barrow near Horseley Fen Farm","Unified_Type":"Scheduled Monument","Unified_Link":"https://historicengland.org.uk/listing/the-list/list-entry/1011723","ssp1_2050":0,"ssp1_2100":0,"ssp1_2150":0,"ssp2_2050":0,"ssp2_2100":0,"ssp2_2150":0,"ssp5_2050":0,"ssp5_2100":1,"ssp5_2150":1}},{"type":"Feature","id":80,"geometry":{"type":"Point","coordinates":[-1146023.8649000004,2316266.5561999995]},"properties":{"OBJECTID":80,"Unified_Name":"Civil War breastwork ESE of Dick's Carn, St Mary's","Unified_Type":"Scheduled Monument","Unified_Link":"https://historicengland.org.uk/listing/the-list/list-entry/1011942","ssp1_2050":0,"ssp1_2100":1,"ssp1_2150":1,"ssp2_2050":0,"ssp2_2100":1,"ssp2_2150":1,"ssp5_2050":0,"ssp5_2100":1,"ssp5_2150":1}},{"type":"Feature","id":81,"geometry":{"type":"Point","coordinates":[-619109.48570000008,2386216.5175000001]},"properties":{"OBJECTID":81,"Unified_Name":"Medieval saltern near Monkshill Farm","Unified_Type":"Scheduled Monument","Unified_Link":"https://historicengland.org.uk/listing/the-list/list-entry/1012971","ssp1_2050":0,"ssp1_2100":0,"ssp1_2150":0,"ssp2_2050":0,"ssp2_2100":0,"ssp2_2150":0,"ssp5_2050":0,"ssp5_2100":0,"ssp5_2150":1}},{"type":"Feature","id":82,"geometry":{"type":"Point","coordinates":[-618831.74560000002,2386202.9229000006]},"properties":{"OBJECTID":82,"Unified_Name":"Medieval saltern near Monkshill Farm","Unified_Type":"Scheduled Monument","Unified_Link":"https://historicengland.org.uk/listing/the-list/list-entry/1012973","ssp1_2050":0,"ssp1_2100":0,"ssp1_2150":0,"ssp2_2050":0,"ssp2_2100":0,"ssp2_2150":0,"ssp5_2050":0,"ssp5_2100":0,"ssp5_2150":1}},{"type":"Feature","id":83,"geometry":{"type":"Point","coordinates":[-697886.01630000025,2665802.3496000003]},"properties":{"OBJECTID":83,"Unified_Name":"Hall Garth moated site, associated drainage channels and fishpond","Unified_Type":"Scheduled Monument","Unified_Link":"https://historicengland.org.uk/listing/the-list/list-entry/1013190","ssp1_2050":0,"ssp1_2100":0,"ssp1_2150":0,"ssp2_2050":0,"ssp2_2100":0,"ssp2_2150":0,"ssp5_2050":0,"ssp5_2100":0,"ssp5_2150":1}},{"type":"Feature","id":85,"geometry":{"type":"Point","coordinates":[-679371.49400000088,2571839.1306999996]},"properties":{"OBJECTID":85,"Unified_Name":"Roman settlement and drove at Fen Farm","Unified_Type":"Scheduled Monument","Unified_Link":"https://historicengland.org.uk/listing/the-list/list-entry/1013482","ssp1_2050":0,"ssp1_2100":0,"ssp1_2150":0,"ssp2_2050":0,"ssp2_2100":0,"ssp2_2150":0,"ssp5_2050":0,"ssp5_2100":0,"ssp5_2150":1}},{"type":"Feature","id":86,"geometry":{"type":"Point","coordinates":[-659221.05529999919,2585366.8116999995]},"properties":{"OBJECTID":86,"Unified_Name":"Sibsey Trader Windmill","Unified_Type":"Scheduled Monument","Unified_Link":"https://historicengland.org.uk/listing/the-list/list-entry/1013828","ssp1_2050":0,"ssp1_2100":0,"ssp1_2150":0,"ssp2_2050":0,"ssp2_2100":0,"ssp2_2150":0,"ssp5_2050":0,"ssp5_2100":0,"ssp5_2150":1}},{"type":"Feature","id":87,"geometry":{"type":"Point","coordinates":[-657361.87910000049,2551768.6012999993]},"properties":{"OBJECTID":87,"Unified_Name":"White Cross near Poultry Farm","Unified_Type":"Scheduled Monument","Unified_Link":"https://historicengland.org.uk/listing/the-list/list-entry/1014429","ssp1_2050":0,"ssp1_2100":0,"ssp1_2150":0,"ssp2_2050":0,"ssp2_2100":0,"ssp2_2150":0,"ssp5_2050":0,"ssp5_2100":0,"ssp5_2150":1}},{"type":"Feature","id":89,"geometry":{"type":"Point","coordinates":[-662073.78600000031,2515925.0398999993]},"properties":{"OBJECTID":89,"Unified_Name":"Bowl barrow near Common Farm","Unified_Type":"Scheduled Monument","Unified_Link":"https://historicengland.org.uk/listing/the-list/list-entry/1015241","ssp1_2050":0,"ssp1_2100":0,"ssp1_2150":1,"ssp2_2050":0,"ssp2_2100":1,"ssp2_2150":1,"ssp5_2050":0,"ssp5_2100":1,"ssp5_2150":1}},{"type":"Feature","id":90,"geometry":{"type":"Point","coordinates":[-675001.28810000047,2539475.2261999995]},"properties":{"OBJECTID":90,"Unified_Name":"Roman field system and drove at Pode Hole Farm","Unified_Type":"Scheduled Monument","Unified_Link":"https://historicengland.org.uk/listing/the-list/list-entry/1015503","ssp1_2050":0,"ssp1_2100":0,"ssp1_2150":0,"ssp2_2050":0,"ssp2_2100":0,"ssp2_2150":0,"ssp5_2050":0,"ssp5_2100":0,"ssp5_2150":1}},{"type":"Feature","id":91,"geometry":{"type":"Point","coordinates":[-1147353.4869999997,2316011.9912999999]},"properties":{"OBJECTID":91,"Unified_Name":"The Old Quay, Old Town Bay, St Mary's","Unified_Type":"Scheduled Monument","Unified_Link":"https://historicengland.org.uk/listing/the-list/list-entry/1015656","ssp1_2050":0,"ssp1_2100":1,"ssp1_2150":1,"ssp2_2050":0,"ssp2_2100":1,"ssp2_2150":1,"ssp5_2050":0,"ssp5_2100":1,"ssp5_2150":1}},{"type":"Feature","id":92,"geometry":{"type":"Point","coordinates":[-1144169.9056000002,2319276.4828999992]},"properties":{"OBJECTID":92,"Unified_Name":"Prehistoric chambered cairns and boundaries on Middle Arthur, St Martin's","Unified_Type":"Scheduled Monument","Unified_Link":"https://historicengland.org.uk/listing/the-list/list-entry/1015673","ssp1_2050":0,"ssp1_2100":0,"ssp1_2150":1,"ssp2_2050":0,"ssp2_2100":1,"ssp2_2150":1,"ssp5_2050":1,"ssp5_2100":1,"ssp5_2150":1}},{"type":"Feature","id":93,"geometry":{"type":"Point","coordinates":[-563494.62539999932,2482065.1492999997]},"properties":{"OBJECTID":93,"Unified_Name":"Leiston Abbey with later chapel and pill box","Unified_Type":"Scheduled Monument","Unified_Link":"https://historicengland.org.uk/listing/the-list/list-entry/1015687","ssp1_2050":0,"ssp1_2100":0,"ssp1_2150":0,"ssp2_2050":0,"ssp2_2100":0,"ssp2_2150":0,"ssp5_2050":0,"ssp5_2100":0,"ssp5_2150":1}},{"type":"Feature","id":95,"geometry":{"type":"Point","coordinates":[-802410.21409999952,2340762.9357999992]},"properties":{"OBJECTID":95,"Unified_Name":"Hurst Castle and lighthouse","Unified_Type":"Scheduled Monument","Unified_Link":"https://historicengland.org.uk/listing/the-list/list-entry/1015699","ssp1_2050":0,"ssp1_2100":0,"ssp1_2150":0,"ssp2_2050":0,"ssp2_2100":0,"ssp2_2150":1,"ssp5_2050":0,"ssp5_2100":1,"ssp5_2150":1}},{"type":"Feature","id":96,"geometry":{"type":"Point","coordinates":[-648210.79150000028,2587514.6050000004]},"properties":{"OBJECTID":96,"Unified_Name":"Abbey Hills moated site","Unified_Type":"Scheduled Monument","Unified_Link":"https://historicengland.org.uk/listing/the-list/list-entry/1016044","ssp1_2050":0,"ssp1_2100":0,"ssp1_2150":0,"ssp2_2050":0,"ssp2_2100":0,"ssp2_2150":0,"ssp5_2050":0,"ssp5_2100":0,"ssp5_2150":1}},{"type":"Feature","id":97,"geometry":{"type":"Point","coordinates":[-1150299.0398999993,2321197.9774999991]},"properties":{"OBJECTID":97,"Unified_Name":"Gig shed on the north coast of Great Porth, Bryher","Unified_Type":"Scheduled Monument","Unified_Link":"https://historicengland.org.uk/listing/the-list/list-entry/1016173","ssp1_2050":0,"ssp1_2100":0,"ssp1_2150":0,"ssp2_2050":0,"ssp2_2100":0,"ssp2_2150":0,"ssp5_2050":0,"ssp5_2100":0,"ssp5_2150":1}},{"type":"Feature","id":98,"geometry":{"type":"Point","coordinates":[-1146856.9616999999,2322340.3660000004]},"properties":{"OBJECTID":98,"Unified_Name":"Prehistoric cairns, prehistoric to post-medieval settlements and field systems, an early Christian focus, post-medieval kelp pits and quay on Tean and Old Man","Unified_Type":"Scheduled Monument","Unified_Link":"https://historicengland.org.uk/listing/the-list/list-entry/1016179","ssp1_2050":0,"ssp1_2100":0,"ssp1_2150":0,"ssp2_2050":0,"ssp2_2100":0,"ssp2_2150":0,"ssp5_2050":0,"ssp5_2100":0,"ssp5_2150":1}},{"type":"Feature","id":99,"geometry":{"type":"Point","coordinates":[-1149009.8814000003,2319767.0445000008]},"properties":{"OBJECTID":99,"Unified_Name":"Prehistoric field system and settlement in southern Appletree Bay, Tresco","Unified_Type":"Scheduled Monument","Unified_Link":"https://historicengland.org.uk/listing/the-list/list-entry/1016180","ssp1_2050":1,"ssp1_2100":1,"ssp1_2150":1,"ssp2_2050":1,"ssp2_2100":1,"ssp2_2150":1,"ssp5_2050":1,"ssp5_2100":1,"ssp5_2150":1}},{"type":"Feature","id":101,"geometry":{"type":"Point","coordinates":[-682395.46299999952,2568504.5392000005]},"properties":{"OBJECTID":101,"Unified_Name":"Decoy pond near Aslackby Decoy Farm","Unified_Type":"Scheduled Monument","Unified_Link":"https://historicengland.org.uk/listing/the-list/list-entry/1016472","ssp1_2050":0,"ssp1_2100":0,"ssp1_2150":0,"ssp2_2050":0,"ssp2_2100":0,"ssp2_2150":0,"ssp5_2050":0,"ssp5_2100":0,"ssp5_2150":1}},{"type":"Feature","id":103,"geometry":{"type":"Point","coordinates":[-619200.2276000008,2355210.7278000005]},"properties":{"OBJECTID":103,"Unified_Name":"Early medieval flood defence at Botolph's Bridge, West Hythe","Unified_Type":"Scheduled Monument","Unified_Link":"https://historicengland.org.uk/listing/the-list/list-entry/1016518","ssp1_2050":0,"ssp1_2100":0,"ssp1_2150":0,"ssp2_2050":0,"ssp2_2100":0,"ssp2_2150":0,"ssp5_2050":0,"ssp5_2100":0,"ssp5_2150":1}},{"type":"Feature","id":104,"geometry":{"type":"Point","coordinates":[-631702.0206000004,2352663.1267000008]},"properties":{"OBJECTID":104,"Unified_Name":"Medieval farmstead at Pilchers, near Codhall","Unified_Type":"Scheduled Monument","Unified_Link":"https://historicengland.org.uk/listing/the-list/list-entry/1016681","ssp1_2050":0,"ssp1_2100":0,"ssp1_2150":0,"ssp2_2050":0,"ssp2_2100":0,"ssp2_2150":0,"ssp5_2050":0,"ssp5_2100":0,"ssp5_2150":1}},{"type":"Feature","id":105,"geometry":{"type":"Point","coordinates":[-625605.10639999993,2352450.7353000008]},"properties":{"OBJECTID":105,"Unified_Name":"Moated site and associated fields near Pickney Bush Farm","Unified_Type":"Scheduled Monument","Unified_Link":"https://historicengland.org.uk/listing/the-list/list-entry/1016682","ssp1_2050":0,"ssp1_2100":0,"ssp1_2150":0,"ssp2_2050":0,"ssp2_2100":0,"ssp2_2150":0,"ssp5_2050":0,"ssp5_2100":0,"ssp5_2150":1}},{"type":"Feature","id":106,"geometry":{"type":"Point","coordinates":[-619693.03140000068,2435769.1412000004]},"properties":{"OBJECTID":106,"Unified_Name":"Square decoy pond near Pennyhole Fleet, Old Hall Marshes","Unified_Type":"Scheduled Monument","Unified_Link":"https://historicengland.org.uk/listing/the-list/list-entry/1016863","ssp1_2050":0,"ssp1_2100":1,"ssp1_2150":1,"ssp2_2050":0,"ssp2_2100":1,"ssp2_2150":1,"ssp5_2050":0,"ssp5_2100":1,"ssp5_2150":1}},{"type":"Feature","id":107,"geometry":{"type":"Point","coordinates":[-604578.0792999994,2434777.3230000008]},"properties":{"OBJECTID":107,"Unified_Name":"Lion Point decoy near Cockett Wick Farm","Unified_Type":"Scheduled Monument","Unified_Link":"https://historicengland.org.uk/listing/the-list/list-entry/1016864","ssp1_2050":0,"ssp1_2100":0,"ssp1_2150":0,"ssp2_2050":0,"ssp2_2100":0,"ssp2_2150":1,"ssp5_2050":0,"ssp5_2100":1,"ssp5_2150":1}},{"type":"Feature","id":108,"geometry":{"type":"Point","coordinates":[-649808.20199999958,2585474.2873]},"properties":{"OBJECTID":108,"Unified_Name":"Medieval dylings and flood defence bank at Gold Fen Dike Bank","Unified_Type":"Scheduled Monument","Unified_Link":"https://historicengland.org.uk/listing/the-list/list-entry/1017323","ssp1_2050":0,"ssp1_2100":0,"ssp1_2150":0,"ssp2_2050":0,"ssp2_2100":0,"ssp2_2150":0,"ssp5_2050":0,"ssp5_2100":0,"ssp5_2150":1}},{"type":"Feature","id":109,"geometry":{"type":"Point","coordinates":[-641577.36600000039,2617085.6057999991]},"properties":{"OBJECTID":109,"Unified_Name":"Moated site near Stain Farm","Unified_Type":"Scheduled Monument","Unified_Link":"https://historicengland.org.uk/listing/the-list/list-entry/1017375","ssp1_2050":0,"ssp1_2100":0,"ssp1_2150":0,"ssp2_2050":0,"ssp2_2100":0,"ssp2_2150":0,"ssp5_2050":0,"ssp5_2100":0,"ssp5_2150":1}},{"type":"Feature","id":110,"geometry":{"type":"Point","coordinates":[-622969.6325000003,2352161.6056999993]},"properties":{"OBJECTID":110,"Unified_Name":"Moat and associated closes at Marshall's Bridge","Unified_Type":"Scheduled Monument","Unified_Link":"https://historicengland.org.uk/listing/the-list/list-entry/1017659","ssp1_2050":0,"ssp1_2100":0,"ssp1_2150":0,"ssp2_2050":0,"ssp2_2100":0,"ssp2_2150":0,"ssp5_2050":0,"ssp5_2100":0,"ssp5_2150":1}},{"type":"Feature","id":111,"geometry":{"type":"Point","coordinates":[-1147840.9996000007,2320061.8208000008]},"properties":{"OBJECTID":111,"Unified_Name":"Prehistoric field system in southern Pentle Bay, Tresco","Unified_Type":"Scheduled Monument","Unified_Link":"https://historicengland.org.uk/listing/the-list/list-entry/1017782","ssp1_2050":0,"ssp1_2100":0,"ssp1_2150":0,"ssp2_2050":0,"ssp2_2100":0,"ssp2_2150":0,"ssp5_2050":0,"ssp5_2100":0,"ssp5_2150":1}},{"type":"Feature","id":112,"geometry":{"type":"Point","coordinates":[-551129.63049999997,2525229.2988000009]},"properties":{"OBJECTID":112,"Unified_Name":"Midsands Cross on Crosstead road","Unified_Type":"Scheduled Monument","Unified_Link":"https://historicengland.org.uk/listing/the-list/list-entry/1018317","ssp1_2050":0,"ssp1_2100":0,"ssp1_2150":0,"ssp2_2050":0,"ssp2_2100":0,"ssp2_2150":0,"ssp5_2050":0,"ssp5_2100":0,"ssp5_2150":1}},{"type":"Feature","id":113,"geometry":{"type":"Point","coordinates":[-564685.35669999942,2518396.1147000007]},"properties":{"OBJECTID":113,"Unified_Name":"Hardley Cross","Unified_Type":"Scheduled Monument","Unified_Link":"https://historicengland.org.uk/listing/the-list/list-entry/1018343","ssp1_2050":0,"ssp1_2100":1,"ssp1_2150":1,"ssp2_2050":0,"ssp2_2100":1,"ssp2_2150":1,"ssp5_2050":0,"ssp5_2100":1,"ssp5_2150":1}},{"type":"Feature","id":114,"geometry":{"type":"Point","coordinates":[-652158.84869999997,2586372.9411999993]},"properties":{"OBJECTID":114,"Unified_Name":"King's Hill motte and bailey castle","Unified_Type":"Scheduled Monument","Unified_Link":"https://historicengland.org.uk/listing/the-list/list-entry/1018398","ssp1_2050":0,"ssp1_2100":0,"ssp1_2150":0,"ssp2_2050":0,"ssp2_2100":0,"ssp2_2150":0,"ssp5_2050":0,"ssp5_2100":0,"ssp5_2150":1}},{"type":"Feature","id":115,"geometry":{"type":"Point","coordinates":[-661740.56770000048,2575555.8597999997]},"properties":{"OBJECTID":115,"Unified_Name":"Wybert's Castle medieval moated site","Unified_Type":"Scheduled Monument","Unified_Link":"https://historicengland.org.uk/listing/the-list/list-entry/1018583","ssp1_2050":0,"ssp1_2100":0,"ssp1_2150":0,"ssp2_2050":0,"ssp2_2100":0,"ssp2_2150":0,"ssp5_2050":0,"ssp5_2100":0,"ssp5_2150":1}},{"type":"Feature","id":116,"geometry":{"type":"Point","coordinates":[-604980.76339999959,2434290.9363000002]},"properties":{"OBJECTID":116,"Unified_Name":"Martello tower C, St Osyth Beach, Clacton-on-Sea","Unified_Type":"Scheduled Monument","Unified_Link":"https://historicengland.org.uk/listing/the-list/list-entry/1018954","ssp1_2050":0,"ssp1_2100":0,"ssp1_2150":0,"ssp2_2050":0,"ssp2_2100":0,"ssp2_2150":0,"ssp5_2050":0,"ssp5_2100":0,"ssp5_2150":1}},{"type":"Feature","id":117,"geometry":{"type":"Point","coordinates":[-646258.87240000069,2411762.2368000001]},"properties":{"OBJECTID":117,"Unified_Name":"Heavy Anti-aircraft gunsite near Northwick Farm","Unified_Type":"Scheduled Monument","Unified_Link":"https://historicengland.org.uk/listing/the-list/list-entry/1019107","ssp1_2050":0,"ssp1_2100":0,"ssp1_2150":0,"ssp2_2050":0,"ssp2_2100":0,"ssp2_2150":0,"ssp5_2050":0,"ssp5_2100":0,"ssp5_2150":1}},{"type":"Feature","id":118,"geometry":{"type":"Point","coordinates":[-626177.91269999929,2433195.8248999994]},"properties":{"OBJECTID":118,"Unified_Name":"Gore decoy near Lauriston Farm","Unified_Type":"Scheduled Monument","Unified_Link":"https://historicengland.org.uk/listing/the-list/list-entry/1019149","ssp1_2050":0,"ssp1_2100":0,"ssp1_2150":1,"ssp2_2050":0,"ssp2_2100":0,"ssp2_2150":1,"ssp5_2050":0,"ssp5_2100":1,"ssp5_2150":1}},{"type":"Feature","id":119,"geometry":{"type":"Point","coordinates":[-595112.73750000075,2444105.7241999991]},"properties":{"OBJECTID":119,"Unified_Name":"World War II bombing decoy HA2 Kirby-le-Soken","Unified_Type":"Scheduled Monument","Unified_Link":"https://historicengland.org.uk/listing/the-list/list-entry/1019882","ssp1_2050":0,"ssp1_2100":0,"ssp1_2150":1,"ssp2_2050":0,"ssp2_2100":0,"ssp2_2150":1,"ssp5_2050":0,"ssp5_2100":1,"ssp5_2150":1}},{"type":"Feature","id":120,"geometry":{"type":"Point","coordinates":[-665499.57899999991,2508315.1446000002]},"properties":{"OBJECTID":120,"Unified_Name":"Three bowl barrows, part of the Haddenham round barrow cemetery","Unified_Type":"Scheduled Monument","Unified_Link":"https://historicengland.org.uk/listing/the-list/list-entry/1019982","ssp1_2050":0,"ssp1_2100":0,"ssp1_2150":0,"ssp2_2050":0,"ssp2_2100":0,"ssp2_2150":0,"ssp5_2050":0,"ssp5_2100":0,"ssp5_2150":1}},{"type":"Feature","id":121,"geometry":{"type":"Point","coordinates":[-664131.39589999989,2509931.8665999994]},"properties":{"OBJECTID":121,"Unified_Name":"Long barrow at Foulmire Fen","Unified_Type":"Scheduled Monument","Unified_Link":"https://historicengland.org.uk/listing/the-list/list-entry/1019983","ssp1_2050":0,"ssp1_2100":0,"ssp1_2150":0,"ssp2_2050":0,"ssp2_2100":0,"ssp2_2150":0,"ssp5_2050":0,"ssp5_2100":0,"ssp5_2150":1}},{"type":"Feature","id":122,"geometry":{"type":"Point","coordinates":[-663994.64690000005,2510059.5338000003]},"properties":{"OBJECTID":122,"Unified_Name":"Oval barrow and round barrow at Small Fen","Unified_Type":"Scheduled Monument","Unified_Link":"https://historicengland.org.uk/listing/the-list/list-entry/1019984","ssp1_2050":0,"ssp1_2100":0,"ssp1_2150":0,"ssp2_2050":0,"ssp2_2100":0,"ssp2_2150":0,"ssp5_2050":0,"ssp5_2100":0,"ssp5_2150":1}},{"type":"Feature","id":123,"geometry":{"type":"Point","coordinates":[-666003.52859999985,2507913.9923999999]},"properties":{"OBJECTID":123,"Unified_Name":"Two bowl barrows, part of the Haddenham round barrow cemetery","Unified_Type":"Scheduled Monument","Unified_Link":"https://historicengland.org.uk/listing/the-list/list-entry/1019985","ssp1_2050":0,"ssp1_2100":0,"ssp1_2150":0,"ssp2_2050":0,"ssp2_2100":0,"ssp2_2150":0,"ssp5_2050":0,"ssp5_2100":0,"ssp5_2150":1}},{"type":"Feature","id":124,"geometry":{"type":"Point","coordinates":[-663850.83070000075,2509860.9141000006]},"properties":{"OBJECTID":124,"Unified_Name":"Round barrow at Small Fen","Unified_Type":"Scheduled Monument","Unified_Link":"https://historicengland.org.uk/listing/the-list/list-entry/1019986","ssp1_2050":0,"ssp1_2100":0,"ssp1_2150":0,"ssp2_2050":0,"ssp2_2100":0,"ssp2_2150":0,"ssp5_2050":0,"ssp5_2100":0,"ssp5_2150":1}},{"type":"Feature","id":125,"geometry":{"type":"Point","coordinates":[-665607.7081000004,2514987.7141999993]},"properties":{"OBJECTID":125,"Unified_Name":"Round barrow near Stocking Drove Farm","Unified_Type":"Scheduled Monument","Unified_Link":"https://historicengland.org.uk/listing/the-list/list-entry/1019987","ssp1_2050":0,"ssp1_2100":0,"ssp1_2150":1,"ssp2_2050":0,"ssp2_2100":1,"ssp2_2150":1,"ssp5_2050":0,"ssp5_2100":1,"ssp5_2150":1}},{"type":"Feature","id":126,"geometry":{"type":"Point","coordinates":[-663946.06540000066,2510418.7357999999]},"properties":{"OBJECTID":126,"Unified_Name":"Long barrow at South Fen near Rymanmoor Long Turning","Unified_Type":"Scheduled Monument","Unified_Link":"https://historicengland.org.uk/listing/the-list/list-entry/1019988","ssp1_2050":0,"ssp1_2100":0,"ssp1_2150":0,"ssp2_2050":0,"ssp2_2100":0,"ssp2_2150":0,"ssp5_2050":0,"ssp5_2100":0,"ssp5_2150":1}},{"type":"Feature","id":127,"geometry":{"type":"Point","coordinates":[-666585.33819999918,2507964.7310000006]},"properties":{"OBJECTID":127,"Unified_Name":"Bowl barrow near Shelford Farm","Unified_Type":"Scheduled Monument","Unified_Link":"https://historicengland.org.uk/listing/the-list/list-entry/1020398","ssp1_2050":0,"ssp1_2100":0,"ssp1_2150":0,"ssp2_2050":0,"ssp2_2100":0,"ssp2_2150":0,"ssp5_2050":0,"ssp5_2100":0,"ssp5_2150":1}},{"type":"Feature","id":128,"geometry":{"type":"Point","coordinates":[-906067.39039999992,2358103.7380999997]},"properties":{"OBJECTID":128,"Unified_Name":"Axmouth Bridge","Unified_Type":"Scheduled Monument","Unified_Link":"https://historicengland.org.uk/listing/the-list/list-entry/1020419","ssp1_2050":0,"ssp1_2100":0,"ssp1_2150":0,"ssp2_2050":0,"ssp2_2100":0,"ssp2_2150":0,"ssp5_2050":0,"ssp5_2100":0,"ssp5_2150":1}},{"type":"Feature","id":129,"geometry":{"type":"Point","coordinates":[-649272.02710000053,2412138.6648999993]},"properties":{"OBJECTID":129,"Unified_Name":"World War II bombing decoy on Fobbing Marshes","Unified_Type":"Scheduled Monument","Unified_Link":"https://historicengland.org.uk/listing/the-list/list-entry/1020489","ssp1_2050":0,"ssp1_2100":0,"ssp1_2150":0,"ssp2_2050":0,"ssp2_2100":0,"ssp2_2150":0,"ssp5_2050":0,"ssp5_2100":0,"ssp5_2150":1}},{"type":"Feature","id":130,"geometry":{"type":"Point","coordinates":[-638132.51940000057,2422910.9038999993]},"properties":{"OBJECTID":130,"Unified_Name":"Medieval saltern adjacent to Hawbush Creek","Unified_Type":"Scheduled Monument","Unified_Link":"https://historicengland.org.uk/listing/the-list/list-entry/1020491","ssp1_2050":0,"ssp1_2100":0,"ssp1_2150":0,"ssp2_2050":0,"ssp2_2100":0,"ssp2_2150":0,"ssp5_2050":0,"ssp5_2100":0,"ssp5_2150":1}},{"type":"Feature","id":131,"geometry":{"type":"Point","coordinates":[-655219.0792999994,2498357.7429000009]},"properties":{"OBJECTID":131,"Unified_Name":"Long barrow near Lythel's Farm","Unified_Type":"Scheduled Monument","Unified_Link":"https://historicengland.org.uk/listing/the-list/list-entry/1020843","ssp1_2050":0,"ssp1_2100":0,"ssp1_2150":1,"ssp2_2050":0,"ssp2_2100":0,"ssp2_2150":1,"ssp5_2050":0,"ssp5_2100":1,"ssp5_2150":1}},{"type":"Feature","id":132,"geometry":{"type":"Point","coordinates":[-678234.27679999918,2530173.5211999994]},"properties":{"OBJECTID":132,"Unified_Name":"Suet Hills round barrow cemetery","Unified_Type":"Scheduled Monument","Unified_Link":"https://historicengland.org.uk/listing/the-list/list-entry/1020844","ssp1_2050":0,"ssp1_2100":0,"ssp1_2150":0,"ssp2_2050":0,"ssp2_2100":0,"ssp2_2150":0,"ssp5_2050":0,"ssp5_2100":0,"ssp5_2150":1}},{"type":"Feature","id":133,"geometry":{"type":"Point","coordinates":[-658425.18769999966,2525805.7762000002]},"properties":{"OBJECTID":133,"Unified_Name":"Bowl barrow near Bridge Farm","Unified_Type":"Scheduled Monument","Unified_Link":"https://historicengland.org.uk/listing/the-list/list-entry/1020846","ssp1_2050":0,"ssp1_2100":0,"ssp1_2150":0,"ssp2_2050":0,"ssp2_2100":0,"ssp2_2150":0,"ssp5_2050":0,"ssp5_2100":0,"ssp5_2150":1}},{"type":"Feature","id":134,"geometry":{"type":"Point","coordinates":[-657701.91889999993,2527468.6875999998]},"properties":{"OBJECTID":134,"Unified_Name":"Bowl barrow and Romano-British enclosure near Earls Fen Farm","Unified_Type":"Scheduled Monument","Unified_Link":"https://historicengland.org.uk/listing/the-list/list-entry/1020848","ssp1_2050":0,"ssp1_2100":0,"ssp1_2150":0,"ssp2_2050":0,"ssp2_2100":0,"ssp2_2150":0,"ssp5_2050":0,"ssp5_2100":0,"ssp5_2150":1}},{"type":"Feature","id":135,"geometry":{"type":"Point","coordinates":[-559104.05220000073,2541763.1437999997]},"properties":{"OBJECTID":135,"Unified_Name":"Hickling Priory","Unified_Type":"Scheduled Monument","Unified_Link":"https://historicengland.org.uk/listing/the-list/list-entry/1020859","ssp1_2050":0,"ssp1_2100":0,"ssp1_2150":0,"ssp2_2050":0,"ssp2_2100":0,"ssp2_2150":0,"ssp5_2050":0,"ssp5_2100":0,"ssp5_2150":1}},{"type":"Feature","id":136,"geometry":{"type":"Point","coordinates":[-948778.50960000046,2330458.0982000008]},"properties":{"OBJECTID":136,"Unified_Name":"D-Day landing craft maintenance site on the River Dart","Unified_Type":"Scheduled Monument","Unified_Link":"https://historicengland.org.uk/listing/the-list/list-entry/1020911","ssp1_2050":1,"ssp1_2100":1,"ssp1_2150":1,"ssp2_2050":1,"ssp2_2100":1,"ssp2_2150":1,"ssp5_2050":1,"ssp5_2100":1,"ssp5_2150":1}},{"type":"Feature","id":137,"geometry":{"type":"Point","coordinates":[-948558.92980000004,2328324.0670999996]},"properties":{"OBJECTID":137,"Unified_Name":"D-Day landing craft maintenance site on the River Dart","Unified_Type":"Scheduled Monument","Unified_Link":"https://historicengland.org.uk/listing/the-list/list-entry/1020912","ssp1_2050":1,"ssp1_2100":1,"ssp1_2150":1,"ssp2_2050":1,"ssp2_2100":1,"ssp2_2150":1,"ssp5_2050":1,"ssp5_2100":1,"ssp5_2150":1}},{"type":"Feature","id":138,"geometry":{"type":"Point","coordinates":[-619976.27380000055,2436365.5591000002]},"properties":{"OBJECTID":138,"Unified_Name":"Decoy pond immediately north of Pennyhole Fleet, Old Hall Marshes","Unified_Type":"Scheduled Monument","Unified_Link":"https://historicengland.org.uk/listing/the-list/list-entry/1021086","ssp1_2050":0,"ssp1_2100":0,"ssp1_2150":0,"ssp2_2050":0,"ssp2_2100":0,"ssp2_2150":0,"ssp5_2050":0,"ssp5_2100":0,"ssp5_2150":1}},{"type":"Feature","id":139,"geometry":{"type":"Point","coordinates":[-676026.98770000041,2542111.4400999993]},"properties":{"OBJECTID":139,"Unified_Name":"Bowl barrow near Hill Farm","Unified_Type":"Scheduled Monument","Unified_Link":"https://historicengland.org.uk/listing/the-list/list-entry/1021304","ssp1_2050":0,"ssp1_2100":0,"ssp1_2150":0,"ssp2_2050":0,"ssp2_2100":0,"ssp2_2150":0,"ssp5_2050":0,"ssp5_2100":0,"ssp5_2150":1}},{"type":"Feature","id":140,"geometry":{"type":"Point","coordinates":[-675166.62230000086,2535349.4291999992]},"properties":{"OBJECTID":140,"Unified_Name":"Bowl barrow near Bank Farm","Unified_Type":"Scheduled Monument","Unified_Link":"https://historicengland.org.uk/listing/the-list/list-entry/1021305","ssp1_2050":0,"ssp1_2100":0,"ssp1_2150":0,"ssp2_2050":0,"ssp2_2100":0,"ssp2_2150":0,"ssp5_2050":0,"ssp5_2100":0,"ssp5_2150":1}},{"type":"Feature","id":141,"geometry":{"type":"Point","coordinates":[-669121.97210000083,2539956.1129999999]},"properties":{"OBJECTID":141,"Unified_Name":"Bowl barrow near East Wryde Cottages","Unified_Type":"Scheduled Monument","Unified_Link":"https://historicengland.org.uk/listing/the-list/list-entry/1021306","ssp1_2050":0,"ssp1_2100":0,"ssp1_2150":0,"ssp2_2050":0,"ssp2_2100":0,"ssp2_2150":0,"ssp5_2050":0,"ssp5_2100":0,"ssp5_2150":1}},{"type":"Feature","id":142,"geometry":{"type":"Point","coordinates":[-675135.01659999974,2537253.3859000001]},"properties":{"OBJECTID":142,"Unified_Name":"Bowl barrow near Gores Farm","Unified_Type":"Scheduled Monument","Unified_Link":"https://historicengland.org.uk/listing/the-list/list-entry/1021307","ssp1_2050":0,"ssp1_2100":0,"ssp1_2150":0,"ssp2_2050":0,"ssp2_2100":0,"ssp2_2150":0,"ssp5_2050":0,"ssp5_2100":0,"ssp5_2150":1}},{"type":"Feature","id":143,"geometry":{"type":"Point","coordinates":[-675379.70849999972,2537151.9304000009]},"properties":{"OBJECTID":143,"Unified_Name":"Bowl barrow near Gores Farm","Unified_Type":"Scheduled Monument","Unified_Link":"https://historicengland.org.uk/listing/the-list/list-entry/1021308","ssp1_2050":0,"ssp1_2100":0,"ssp1_2150":0,"ssp2_2050":0,"ssp2_2100":0,"ssp2_2150":0,"ssp5_2050":0,"ssp5_2100":0,"ssp5_2150":1}},{"type":"Feature","id":144,"geometry":{"type":"Point","coordinates":[-675460.91630000062,2538222.8118999992]},"properties":{"OBJECTID":144,"Unified_Name":"Bowl barrow near Bar Pasture Farm","Unified_Type":"Scheduled Monument","Unified_Link":"https://historicengland.org.uk/listing/the-list/list-entry/1021309","ssp1_2050":0,"ssp1_2100":0,"ssp1_2150":0,"ssp2_2050":0,"ssp2_2100":0,"ssp2_2150":0,"ssp5_2050":0,"ssp5_2100":0,"ssp5_2150":1}},{"type":"Feature","id":145,"geometry":{"type":"Point","coordinates":[-675830.60199999996,2535819.4255999997]},"properties":{"OBJECTID":145,"Unified_Name":"Bowl barrow near Prior's Fen Farm","Unified_Type":"Scheduled Monument","Unified_Link":"https://historicengland.org.uk/listing/the-list/list-entry/1021310","ssp1_2050":0,"ssp1_2100":0,"ssp1_2150":0,"ssp2_2050":0,"ssp2_2100":0,"ssp2_2150":0,"ssp5_2050":0,"ssp5_2100":0,"ssp5_2150":1}},{"type":"Feature","id":146,"geometry":{"type":"Point","coordinates":[-676064.86370000057,2535841.2182999998]},"properties":{"OBJECTID":146,"Unified_Name":"Bowl barrow near Prior's Fen Farm","Unified_Type":"Scheduled Monument","Unified_Link":"https://historicengland.org.uk/listing/the-list/list-entry/1021311","ssp1_2050":0,"ssp1_2100":0,"ssp1_2150":0,"ssp2_2050":0,"ssp2_2100":0,"ssp2_2150":0,"ssp5_2050":0,"ssp5_2100":0,"ssp5_2150":1}},{"type":"Feature","id":147,"geometry":{"type":"Point","coordinates":[-675080.43730000034,2541615.6434000004]},"properties":{"OBJECTID":147,"Unified_Name":"Bowl barrow near Singlecote Cottage","Unified_Type":"Scheduled Monument","Unified_Link":"https://historicengland.org.uk/listing/the-list/list-entry/1021312","ssp1_2050":0,"ssp1_2100":0,"ssp1_2150":0,"ssp2_2050":0,"ssp2_2100":0,"ssp2_2150":0,"ssp5_2050":0,"ssp5_2100":0,"ssp5_2150":1}},{"type":"Feature","id":148,"geometry":{"type":"Point","coordinates":[-675648.38580000028,2537622.8212000001]},"properties":{"OBJECTID":148,"Unified_Name":"Two bowl barrows near Bar Pasture Farm","Unified_Type":"Scheduled Monument","Unified_Link":"https://historicengland.org.uk/listing/the-list/list-entry/1021313","ssp1_2050":0,"ssp1_2100":0,"ssp1_2150":0,"ssp2_2050":0,"ssp2_2100":0,"ssp2_2150":0,"ssp5_2050":0,"ssp5_2100":0,"ssp5_2150":1}},{"type":"Feature","id":149,"geometry":{"type":"Point","coordinates":[-679105.26080000028,2544631.9853000008]},"properties":{"OBJECTID":149,"Unified_Name":"Four bowl barrows near The Willows","Unified_Type":"Scheduled Monument","Unified_Link":"https://historicengland.org.uk/listing/the-list/list-entry/1021314","ssp1_2050":0,"ssp1_2100":0,"ssp1_2150":0,"ssp2_2050":0,"ssp2_2100":0,"ssp2_2150":0,"ssp5_2050":0,"ssp5_2100":0,"ssp5_2150":1}},{"type":"Feature","id":150,"geometry":{"type":"Point","coordinates":[-682343.20099999942,2542714.1254999992]},"properties":{"OBJECTID":150,"Unified_Name":"Bowl barrow near Gaylands, Milking Nook","Unified_Type":"Scheduled Monument","Unified_Link":"https://historicengland.org.uk/listing/the-list/list-entry/1021316","ssp1_2050":0,"ssp1_2100":0,"ssp1_2150":0,"ssp2_2050":0,"ssp2_2100":0,"ssp2_2150":0,"ssp5_2050":0,"ssp5_2100":0,"ssp5_2150":1}},{"type":"Feature","id":151,"geometry":{"type":"Point","coordinates":[-681684.6269000005,2541748.1523000002]},"properties":{"OBJECTID":151,"Unified_Name":"Three bowl barrows near The Firs","Unified_Type":"Scheduled Monument","Unified_Link":"https://historicengland.org.uk/listing/the-list/list-entry/1021317","ssp1_2050":0,"ssp1_2100":0,"ssp1_2150":0,"ssp2_2050":0,"ssp2_2100":0,"ssp2_2150":0,"ssp5_2050":0,"ssp5_2100":0,"ssp5_2150":1}},{"type":"Feature","id":152,"geometry":{"type":"Point","coordinates":[-681823.2117999997,2542040.5430999994]},"properties":{"OBJECTID":152,"Unified_Name":"Three bowl barrows and a ring ditch near The Four Winds","Unified_Type":"Scheduled Monument","Unified_Link":"https://historicengland.org.uk/listing/the-list/list-entry/1021318","ssp1_2050":0,"ssp1_2100":0,"ssp1_2150":0,"ssp2_2050":0,"ssp2_2100":0,"ssp2_2150":0,"ssp5_2050":0,"ssp5_2100":0,"ssp5_2150":1}},{"type":"Feature","id":153,"geometry":{"type":"Point","coordinates":[-632088.97440000065,2399046.2431000005]},"properties":{"OBJECTID":153,"Unified_Name":"Queenborough Lines","Unified_Type":"Scheduled Monument","Unified_Link":"https://historicengland.org.uk/listing/the-list/list-entry/1404499","ssp1_2050":0,"ssp1_2100":0,"ssp1_2150":0,"ssp2_2050":0,"ssp2_2100":0,"ssp2_2150":0,"ssp5_2050":0,"ssp5_2100":0,"ssp5_2150":1}},{"type":"Feature","id":154,"geometry":{"type":"Point","coordinates":[-623924.08970000036,2415729.6017000005]},"properties":{"OBJECTID":154,"Unified_Name":"Atomic Weapons Research Establishment Foulness Island, 1947 Explosives Storage Area","Unified_Type":"Scheduled Monument","Unified_Link":"https://historicengland.org.uk/listing/the-list/list-entry/1411759","ssp1_2050":0,"ssp1_2100":0,"ssp1_2150":0,"ssp2_2050":0,"ssp2_2100":0,"ssp2_2150":1,"ssp5_2050":0,"ssp5_2100":1,"ssp5_2150":1}},{"type":"Feature","id":155,"geometry":{"type":"Point","coordinates":[-645112.61240000091,2405067.9948999994]},"properties":{"OBJECTID":155,"Unified_Name":"Halstow Marshes Decoy Pond","Unified_Type":"Scheduled Monument","Unified_Link":"https://historicengland.org.uk/listing/the-list/list-entry/1424899","ssp1_2050":0,"ssp1_2100":0,"ssp1_2150":0,"ssp2_2050":0,"ssp2_2100":0,"ssp2_2150":0,"ssp5_2050":0,"ssp5_2100":0,"ssp5_2150":1}},{"type":"Feature","id":156,"geometry":{"type":"Point","coordinates":[-637979.13829999976,2403422.7178000007]},"properties":{"OBJECTID":156,"Unified_Name":"Second World War QF P-series oil bombing decoy","Unified_Type":"Scheduled Monument","Unified_Link":"https://historicengland.org.uk/listing/the-list/list-entry/1425319","ssp1_2050":0,"ssp1_2100":0,"ssp1_2150":0,"ssp2_2050":0,"ssp2_2100":0,"ssp2_2150":0,"ssp5_2050":0,"ssp5_2100":0,"ssp5_2150":1}},{"type":"Feature","id":157,"geometry":{"type":"Point","coordinates":[-650874.52250000089,2406990.3654999994]},"properties":{"OBJECTID":157,"Unified_Name":"Cliffe Explosives Works","Unified_Type":"Scheduled Monument","Unified_Link":"https://historicengland.org.uk/listing/the-list/list-entry/1428315","ssp1_2050":0,"ssp1_2100":0,"ssp1_2150":0,"ssp2_2050":0,"ssp2_2100":0,"ssp2_2150":0,"ssp5_2050":0,"ssp5_2100":0,"ssp5_2150":1}},{"type":"Feature","id":158,"geometry":{"type":"Point","coordinates":[-906092.58149999939,2358145.5396999996]},"properties":{"OBJECTID":158,"Unified_Name":"The Axe Boat","Unified_Type":"Scheduled Monument","Unified_Link":"https://historicengland.org.uk/listing/the-list/list-entry/1433819","ssp1_2050":0,"ssp1_2100":0,"ssp1_2150":0,"ssp2_2050":0,"ssp2_2100":0,"ssp2_2150":0,"ssp5_2050":0,"ssp5_2100":0,"ssp5_2150":1}},{"type":"Feature","id":159,"geometry":{"type":"Point","coordinates":[-712059.7117999997,2651977.1049000006]},"properties":{"OBJECTID":159,"Unified_Name":"Lindholme Neolithic timber trackway and platform","Unified_Type":"Scheduled Monument","Unified_Link":"https://historicengland.org.uk/listing/the-list/list-entry/1443481","ssp1_2050":0,"ssp1_2100":0,"ssp1_2150":0,"ssp2_2050":0,"ssp2_2100":0,"ssp2_2150":0,"ssp5_2050":0,"ssp5_2100":0,"ssp5_2150":1}},{"type":"Feature","id":160,"geometry":{"type":"Point","coordinates":[-680408.08469999954,2534264.818]},"properties":{"OBJECTID":160,"Unified_Name":"Stanground Wash Bronze Age Barrow Cemetery","Unified_Type":"Scheduled Monument","Unified_Link":"https://historicengland.org.uk/listing/the-list/list-entry/1489858","ssp1_2050":0,"ssp1_2100":0,"ssp1_2150":0,"ssp2_2050":0,"ssp2_2100":0,"ssp2_2150":0,"ssp5_2050":0,"ssp5_2100":0,"ssp5_2150":1}},{"type":"Feature","id":161,"geometry":{"type":"Point","coordinates":[-650482.8423999995,2545908.4714000002]},"properties":{"OBJECTID":161,"Unified_Name":"Moated enclosure near Faulkner House","Unified_Type":"Scheduled Monument","Unified_Link":"https://historicengland.org.uk/listing/the-list/list-entry/1493528","ssp1_2050":0,"ssp1_2100":0,"ssp1_2150":0,"ssp2_2050":0,"ssp2_2100":0,"ssp2_2150":0,"ssp5_2050":0,"ssp5_2100":0,"ssp5_2150":1}},{"type":"Feature","id":162,"geometry":{"type":"Point","coordinates":[-936446.3646000009,2653927.2814000007]},"properties":{"OBJECTID":162,"Unified_Name":"Mynwent y Llwyn","Unified_Type":"Mound","Unified_Link":"http://cadwpublic-api.azurewebsites.net/reports/sam/FullReport?lang=en&id=525","ssp1_2050":0,"ssp1_2100":0,"ssp1_2150":0,"ssp2_2050":0,"ssp2_2100":0,"ssp2_2150":0,"ssp5_2050":0,"ssp5_2100":0,"ssp5_2150":1}},{"type":"Feature","id":165,"geometry":{"type":"Point","coordinates":[-1023021.3812000006,2513827.2734999992]},"properties":{"OBJECTID":165,"Unified_Name":"Dinas Fach Defended Enclosure","Unified_Type":"Promontory Fort - coastal","Unified_Link":"http://cadwpublic-api.azurewebsites.net/reports/sam/FullReport?lang=en&id=1269","ssp1_2050":0,"ssp1_2100":1,"ssp1_2150":1,"ssp2_2050":0,"ssp2_2100":1,"ssp2_2150":1,"ssp5_2050":0,"ssp5_2100":1,"ssp5_2150":1}},{"type":"Feature","id":166,"geometry":{"type":"Point","coordinates":[-927119.25779999979,2445387.5621000007]},"properties":{"OBJECTID":166,"Unified_Name":"Cwm Bach Camps","Unified_Type":"Hillfort","Unified_Link":"http://cadwpublic-api.azurewebsites.net/reports/sam/FullReport?lang=en&id=2876","ssp1_2050":1,"ssp1_2100":1,"ssp1_2150":1,"ssp2_2050":1,"ssp2_2100":1,"ssp2_2150":1,"ssp5_2050":1,"ssp5_2100":1,"ssp5_2150":1}},{"type":"Feature","id":167,"geometry":{"type":"Point","coordinates":[-967302.84569999948,2481270.9331999999]},"properties":{"OBJECTID":167,"Unified_Name":"Pembrey Old Harbour","Unified_Type":"Pier","Unified_Link":"http://cadwpublic-api.azurewebsites.net/reports/sam/FullReport?lang=en&id=3966","ssp1_2050":1,"ssp1_2100":1,"ssp1_2150":1,"ssp2_2050":1,"ssp2_2100":1,"ssp2_2150":1,"ssp5_2050":1,"ssp5_2100":1,"ssp5_2150":1}},{"type":"Feature","id":168,"geometry":{"type":"Point","coordinates":[-936124.97330000065,2653224.4232999999]},"properties":{"OBJECTID":168,"Unified_Name":"Berw Colliery","Unified_Type":"Colliery","Unified_Link":"http://cadwpublic-api.azurewebsites.net/reports/sam/FullReport?lang=en&id=4351","ssp1_2050":0,"ssp1_2100":0,"ssp1_2150":0,"ssp2_2050":0,"ssp2_2100":0,"ssp2_2150":0,"ssp5_2050":0,"ssp5_2100":0,"ssp5_2150":1}},{"type":"Feature","id":169,"geometry":{"type":"Point","coordinates":[-1250340.7546999995,2713789.6322000008]},"properties":{"OBJECTID":169,"Unified_Name":"Ballyvaghan Castle ","Unified_Type":"Castle - unclassified","Unified_Link":"https://heritagedata.maps.arcgis.com/apps/webappviewer/index.html?id=0c9eb9575b544081b0d296436d8f60f8&query=18a4b61b268-layer-9%2CSMRS%2CCL002-051----","ssp1_2050":1,"ssp1_2100":1,"ssp1_2150":1,"ssp2_2050":1,"ssp2_2100":1,"ssp2_2150":1,"ssp5_2050":1,"ssp5_2100":1,"ssp5_2150":1}},{"type":"Feature","id":170,"geometry":{"type":"Point","coordinates":[-1244557.4499999993,2717107.7293999996]},"properties":{"OBJECTID":170,"Unified_Name":"Aughinish (Burren, Co. Clare) Church","Unified_Type":"Church","Unified_Link":"https://heritagedata.maps.arcgis.com/apps/webappviewer/index.html?id=0c9eb9575b544081b0d296436d8f60f8&query=18a4b61b268-layer-9%2CSMRS%2CCL003-010----","ssp1_2050":0,"ssp1_2100":0,"ssp1_2150":0,"ssp2_2050":0,"ssp2_2100":0,"ssp2_2150":0,"ssp5_2050":0,"ssp5_2100":0,"ssp5_2150":1}},{"type":"Feature","id":171,"geometry":{"type":"Point","coordinates":[-1246879.7970000003,2675854.3848999999]},"properties":{"OBJECTID":171,"Unified_Name":"Carrownanelly, River Fergus Weir","Unified_Type":"Weir - fish","Unified_Link":"https://heritagedata.maps.arcgis.com/apps/webappviewer/index.html?id=0c9eb9575b544081b0d296436d8f60f8&query=18a4b61b268-layer-9%2CSMRS%2CCL042-141----","ssp1_2050":0,"ssp1_2100":0,"ssp1_2150":0,"ssp2_2050":0,"ssp2_2100":0,"ssp2_2150":1,"ssp5_2050":0,"ssp5_2100":1,"ssp5_2150":1}},{"type":"Feature","id":172,"geometry":{"type":"Point","coordinates":[-1246859.2304999996,2674340.1589000002]},"properties":{"OBJECTID":172,"Unified_Name":"Manusmore, River Fergus Pier","Unified_Type":"Pier/Jetty","Unified_Link":"https://heritagedata.maps.arcgis.com/apps/webappviewer/index.html?id=0c9eb9575b544081b0d296436d8f60f8&query=18a4b61b268-layer-9%2CSMRS%2CCL042-150----","ssp1_2050":0,"ssp1_2100":0,"ssp1_2150":0,"ssp2_2050":0,"ssp2_2100":0,"ssp2_2150":0,"ssp5_2050":0,"ssp5_2100":0,"ssp5_2150":1}},{"type":"Feature","id":173,"geometry":{"type":"Point","coordinates":[-1241066.7318999991,2661191.5024999995]},"properties":{"OBJECTID":173,"Unified_Name":"River Shannon Weir","Unified_Type":"Weir - fish","Unified_Link":"https://heritagedata.maps.arcgis.com/apps/webappviewer/index.html?id=0c9eb9575b544081b0d296436d8f60f8&query=18a4b61b268-layer-9%2CSMRS%2CCL062-031003-","ssp1_2050":1,"ssp1_2100":1,"ssp1_2150":1,"ssp2_2050":1,"ssp2_2100":1,"ssp2_2150":1,"ssp5_2050":1,"ssp5_2100":1,"ssp5_2150":1}},{"type":"Feature","id":174,"geometry":{"type":"Point","coordinates":[-1288402.6034999993,2664876.5734000001]},"properties":{"OBJECTID":174,"Unified_Name":"Scattery Islands Slipway","Unified_Type":"Slipway","Unified_Link":"https://heritagedata.maps.arcgis.com/apps/webappviewer/index.html?id=0c9eb9575b544081b0d296436d8f60f8&query=18a4b61b268-layer-9%2CSMRS%2CCL067-024021-","ssp1_2050":0,"ssp1_2100":0,"ssp1_2150":0,"ssp2_2050":0,"ssp2_2100":0,"ssp2_2150":0,"ssp5_2050":0,"ssp5_2100":0,"ssp5_2150":1}},{"type":"Feature","id":176,"geometry":{"type":"Point","coordinates":[-1236644.5044999998,2658651.2948000003]},"properties":{"OBJECTID":176,"Unified_Name":"Portdrine Pier","Unified_Type":"Pier/Jetty","Unified_Link":"https://heritagedata.maps.arcgis.com/apps/webappviewer/index.html?id=0c9eb9575b544081b0d296436d8f60f8&query=18a4b61b268-layer-9%2CSMRS%2CCL062-047----","ssp1_2050":1,"ssp1_2100":1,"ssp1_2150":1,"ssp2_2050":1,"ssp2_2100":1,"ssp2_2150":1,"ssp5_2050":1,"ssp5_2100":1,"ssp5_2150":1}},{"type":"Feature","id":177,"geometry":{"type":"Point","coordinates":[-1236866.8321000002,2658859.5583999995]},"properties":{"OBJECTID":177,"Unified_Name":"Portdrine Weir","Unified_Type":"Weir - fish","Unified_Link":"https://heritagedata.maps.arcgis.com/apps/webappviewer/index.html?id=0c9eb9575b544081b0d296436d8f60f8&query=18a4b61b268-layer-9%2CSMRS%2CCL062-045001-","ssp1_2050":0,"ssp1_2100":0,"ssp1_2150":1,"ssp2_2050":0,"ssp2_2100":0,"ssp2_2150":1,"ssp5_2050":1,"ssp5_2100":1,"ssp5_2150":1}},{"type":"Feature","id":178,"geometry":{"type":"Point","coordinates":[-1247559.6424000002,2675439.2937000003]},"properties":{"OBJECTID":178,"Unified_Name":"Lissan West Road","Unified_Type":"Road - class 3 togher","Unified_Link":"https://heritagedata.maps.arcgis.com/apps/webappviewer/index.html?id=0c9eb9575b544081b0d296436d8f60f8&query=18a4b61b268-layer-9%2CSMRS%2CCL041-181001-","ssp1_2050":0,"ssp1_2100":0,"ssp1_2150":1,"ssp2_2050":0,"ssp2_2100":1,"ssp2_2150":1,"ssp5_2050":0,"ssp5_2100":1,"ssp5_2150":1}},{"type":"Feature","id":179,"geometry":{"type":"Point","coordinates":[-1240778.4757000003,2661675.3122000005]},"properties":{"OBJECTID":179,"Unified_Name":"Bunratty West Pier","Unified_Type":"Pier/Jetty","Unified_Link":"https://heritagedata.maps.arcgis.com/apps/webappviewer/index.html?id=0c9eb9575b544081b0d296436d8f60f8&query=18a4b61b268-layer-9%2CSMRS%2CCL062-048----","ssp1_2050":0,"ssp1_2100":0,"ssp1_2150":0,"ssp2_2050":0,"ssp2_2100":0,"ssp2_2150":0,"ssp5_2050":0,"ssp5_2100":0,"ssp5_2150":1}},{"type":"Feature","id":180,"geometry":{"type":"Point","coordinates":[-1244565.3213,2717112.8336999994]},"properties":{"OBJECTID":180,"Unified_Name":"Aughinish Burial","Unified_Type":"Burial","Unified_Link":"https://heritagedata.maps.arcgis.com/apps/webappviewer/index.html?id=0c9eb9575b544081b0d296436d8f60f8&query=18a4b61b268-layer-9%2CSMRS%2CCL003-010004-","ssp1_2050":0,"ssp1_2100":0,"ssp1_2150":0,"ssp2_2050":0,"ssp2_2100":0,"ssp2_2150":0,"ssp5_2050":0,"ssp5_2100":0,"ssp5_2150":1}},{"type":"Feature","id":181,"geometry":{"type":"Point","coordinates":[-1255135.9343999997,2663135.3034000006]},"properties":{"OBJECTID":181,"Unified_Name":"Canon Island Causeway","Unified_Type":"Causeway","Unified_Link":"https://heritagedata.maps.arcgis.com/apps/webappviewer/index.html?id=0c9eb9575b544081b0d296436d8f60f8&query=18a4b61b268-layer-9%2CSMRS%2CCL060-044----","ssp1_2050":1,"ssp1_2100":1,"ssp1_2150":1,"ssp2_2050":1,"ssp2_2100":1,"ssp2_2150":1,"ssp5_2050":1,"ssp5_2100":1,"ssp5_2150":1}},{"type":"Feature","id":182,"geometry":{"type":"Point","coordinates":[-1225250.284,2563321.6697000004]},"properties":{"OBJECTID":182,"Unified_Name":"Ballintubbrid West Midden","Unified_Type":"Midden","Unified_Link":"https://heritagedata.maps.arcgis.com/apps/webappviewer/index.html?id=0c9eb9575b544081b0d296436d8f60f8&query=18a4b61b268-layer-9%2CSMRS%2CCO076-013----","ssp1_2050":0,"ssp1_2100":0,"ssp1_2150":0,"ssp2_2050":0,"ssp2_2100":0,"ssp2_2150":1,"ssp5_2050":0,"ssp5_2100":1,"ssp5_2150":1}},{"type":"Feature","id":183,"geometry":{"type":"Point","coordinates":[-1316849.4668000005,2539717.5458000004]},"properties":{"OBJECTID":183,"Unified_Name":"Cloddagh Fort","Unified_Type":"Promontory fort - coastal","Unified_Link":"https://heritagedata.maps.arcgis.com/apps/webappviewer/index.html?id=0c9eb9575b544081b0d296436d8f60f8&query=18a4b61b268-layer-9%2CSMRS%2CCO149-015----","ssp1_2050":0,"ssp1_2100":1,"ssp1_2150":1,"ssp2_2050":0,"ssp2_2100":1,"ssp2_2150":1,"ssp5_2050":0,"ssp5_2100":1,"ssp5_2150":1}},{"type":"Feature","id":184,"geometry":{"type":"Point","coordinates":[-1316849.4668000005,2539717.5458000004]},"properties":{"OBJECTID":184,"Unified_Name":"Cloddagh Hut","Unified_Type":"Hut site","Unified_Link":"https://heritagedata.maps.arcgis.com/apps/webappviewer/index.html?id=0c9eb9575b544081b0d296436d8f60f8&query=18a4b61b268-layer-9%2CSMRS%2CCO149-015001-","ssp1_2050":0,"ssp1_2100":1,"ssp1_2150":1,"ssp2_2050":0,"ssp2_2100":1,"ssp2_2150":1,"ssp5_2050":0,"ssp5_2100":1,"ssp5_2150":1}},{"type":"Feature","id":185,"geometry":{"type":"Point","coordinates":[-1152736.7993000001,2907971.1445000004]},"properties":{"OBJECTID":185,"Unified_Name":"An Chloch Glas Fortification","Unified_Type":"Fortification","Unified_Link":"https://heritagedata.maps.arcgis.com/apps/webappviewer/index.html?id=0c9eb9575b544081b0d296436d8f60f8&query=18a4b61b268-layer-9%2CSMRS%2CDG040-005----","ssp1_2050":0,"ssp1_2100":0,"ssp1_2150":1,"ssp2_2050":0,"ssp2_2100":1,"ssp2_2150":1,"ssp5_2050":0,"ssp5_2100":1,"ssp5_2150":1}},{"type":"Feature","id":186,"geometry":{"type":"Point","coordinates":[-1049707.9637000002,2705702.9863000009]},"properties":{"OBJECTID":186,"Unified_Name":"Kilcrea Tide mill","Unified_Type":"Tide mill - unclassified","Unified_Link":"https://heritagedata.maps.arcgis.com/apps/webappviewer/index.html?id=0c9eb9575b544081b0d296436d8f60f8&query=18a4b61b268-layer-9%2CSMRS%2CDU012-018----","ssp1_2050":0,"ssp1_2100":0,"ssp1_2150":0,"ssp2_2050":0,"ssp2_2100":0,"ssp2_2150":0,"ssp5_2050":0,"ssp5_2100":0,"ssp5_2150":1}},{"type":"Feature","id":187,"geometry":{"type":"Point","coordinates":[-1288513.6312000006,2781328.2380999997]},"properties":{"OBJECTID":187,"Unified_Name":"Tully Beg Midden","Unified_Type":"Midden","Unified_Link":"https://heritagedata.maps.arcgis.com/apps/webappviewer/index.html?id=0c9eb9575b544081b0d296436d8f60f8&query=18a4b61b268-layer-9%2CSMRS%2CGA010-040----","ssp1_2050":1,"ssp1_2100":1,"ssp1_2150":1,"ssp2_2050":1,"ssp2_2100":1,"ssp2_2150":1,"ssp5_2050":1,"ssp5_2100":1,"ssp5_2150":1}},{"type":"Feature","id":188,"geometry":{"type":"Point","coordinates":[-1291659.5105000008,2755071.5349000003]},"properties":{"OBJECTID":188,"Unified_Name":"Inishlackan Midden","Unified_Type":"Midden","Unified_Link":"https://heritagedata.maps.arcgis.com/apps/webappviewer/index.html?id=0c9eb9575b544081b0d296436d8f60f8&query=18a4b61b268-layer-9%2CSMRS%2CGA063-004001-","ssp1_2050":0,"ssp1_2100":0,"ssp1_2150":0,"ssp2_2050":0,"ssp2_2100":0,"ssp2_2150":0,"ssp5_2050":0,"ssp5_2100":0,"ssp5_2150":1}},{"type":"Feature","id":189,"geometry":{"type":"Point","coordinates":[-1271285.4438000005,2732428.0097000003]},"properties":{"OBJECTID":189,"Unified_Name":"An Bhánrainn Bhán Theas: Ritual site","Unified_Type":"Ritual site - holy/saint's stone","Unified_Link":"https://heritagedata.maps.arcgis.com/apps/webappviewer/index.html?id=0c9eb9575b544081b0d296436d8f60f8&query=18a4b61b268-layer-9%2CSMRS%2CGA091-002----","ssp1_2050":0,"ssp1_2100":0,"ssp1_2150":0,"ssp2_2050":0,"ssp2_2100":0,"ssp2_2150":0,"ssp5_2050":0,"ssp5_2100":0,"ssp5_2150":1}},{"type":"Feature","id":191,"geometry":{"type":"Point","coordinates":[-1235535.3489999995,2723885.7623999994]},"properties":{"OBJECTID":191,"Unified_Name":"Ardfry Landscape","Unified_Type":"Designed landscape - folly","Unified_Link":"https://heritagedata.maps.arcgis.com/apps/webappviewer/index.html?id=0c9eb9575b544081b0d296436d8f60f8&query=18a4b61b268-layer-9%2CSMRS%2CGA094-007----","ssp1_2050":0,"ssp1_2100":0,"ssp1_2150":0,"ssp2_2050":0,"ssp2_2100":0,"ssp2_2150":0,"ssp5_2050":0,"ssp5_2100":0,"ssp5_2150":1}},{"type":"Feature","id":192,"geometry":{"type":"Point","coordinates":[-1236457.8410999998,2721073.1797000002]},"properties":{"OBJECTID":192,"Unified_Name":"Carrowmore (Ballynacourty ED) Tide mill","Unified_Type":"Tide mill - unclassified","Unified_Link":"https://heritagedata.maps.arcgis.com/apps/webappviewer/index.html?id=0c9eb9575b544081b0d296436d8f60f8&query=18a4b61b268-layer-9%2CSMRS%2CGA102-024----","ssp1_2050":0,"ssp1_2100":0,"ssp1_2150":0,"ssp2_2050":0,"ssp2_2100":0,"ssp2_2150":0,"ssp5_2050":0,"ssp5_2100":0,"ssp5_2150":1}},{"type":"Feature","id":193,"geometry":{"type":"Point","coordinates":[-1239374.8585999999,2714422.4085000008]},"properties":{"OBJECTID":193,"Unified_Name":"Mountscrube or Moneyscreebagh Tide Mill ","Unified_Type":"Tide mill - unclassified","Unified_Link":"https://heritagedata.maps.arcgis.com/apps/webappviewer/index.html?id=0c9eb9575b544081b0d296436d8f60f8&query=18a4b61b268-layer-9%2CSMRS%2CGA112-030----","ssp1_2050":1,"ssp1_2100":1,"ssp1_2150":1,"ssp2_2050":1,"ssp2_2100":1,"ssp2_2150":1,"ssp5_2050":1,"ssp5_2100":1,"ssp5_2150":1}},{"type":"Feature","id":194,"geometry":{"type":"Point","coordinates":[-1302376.5338000003,2777026.0604999997]},"properties":{"OBJECTID":194,"Unified_Name":"Gooreen Burial","Unified_Type":"Burial","Unified_Link":"https://heritagedata.maps.arcgis.com/apps/webappviewer/index.html?id=0c9eb9575b544081b0d296436d8f60f8&query=18a4b61b268-layer-9%2CSMRS%2CGA021-049----","ssp1_2050":0,"ssp1_2100":0,"ssp1_2150":0,"ssp2_2050":0,"ssp2_2100":0,"ssp2_2150":1,"ssp5_2050":0,"ssp5_2100":1,"ssp5_2150":1}},{"type":"Feature","id":195,"geometry":{"type":"Point","coordinates":[-1288605.2239999995,2660190.9152000006]},"properties":{"OBJECTID":195,"Unified_Name":"Carrig Island Causeway","Unified_Type":"Causeway","Unified_Link":"https://heritagedata.maps.arcgis.com/apps/webappviewer/index.html?id=0c9eb9575b544081b0d296436d8f60f8&query=18a4b61b268-layer-9%2CSMRS%2CKE002-008005-","ssp1_2050":0,"ssp1_2100":0,"ssp1_2150":0,"ssp2_2050":0,"ssp2_2100":0,"ssp2_2150":0,"ssp5_2050":0,"ssp5_2100":0,"ssp5_2150":1}},{"type":"Feature","id":196,"geometry":{"type":"Point","coordinates":[-1288456.4288999997,2659957.2876999993]},"properties":{"OBJECTID":196,"Unified_Name":"Carrigafoyle Castle","Unified_Type":"Castle - tower house","Unified_Link":"https://heritagedata.maps.arcgis.com/apps/webappviewer/index.html?id=0c9eb9575b544081b0d296436d8f60f8&query=18a4b61b268-layer-9%2CSMRS%2CKE002-045----","ssp1_2050":0,"ssp1_2100":0,"ssp1_2150":0,"ssp2_2050":0,"ssp2_2100":0,"ssp2_2150":0,"ssp5_2050":0,"ssp5_2100":0,"ssp5_2150":1}},{"type":"Feature","id":197,"geometry":{"type":"Point","coordinates":[-1300897.5017000008,2659493.4836999997]},"properties":{"OBJECTID":197,"Unified_Name":"Bromore West Promontory fort","Unified_Type":"Promontory fort - coastal","Unified_Link":"https://heritagedata.maps.arcgis.com/apps/webappviewer/index.html?id=0c9eb9575b544081b0d296436d8f60f8&query=18a4b61b268-layer-9%2CSMRS%2CKE004-003----","ssp1_2050":0,"ssp1_2100":0,"ssp1_2150":0,"ssp2_2050":0,"ssp2_2100":0,"ssp2_2150":0,"ssp5_2050":0,"ssp5_2100":0,"ssp5_2150":1}},{"type":"Feature","id":198,"geometry":{"type":"Point","coordinates":[-1300519.5275999997,2647824.9927999992]},"properties":{"OBJECTID":198,"Unified_Name":"Dysert Marshes Road","Unified_Type":"Road - unclassified togher","Unified_Link":"https://heritagedata.maps.arcgis.com/apps/webappviewer/index.html?id=0c9eb9575b544081b0d296436d8f60f8&query=18a4b61b268-layer-9%2CSMRS%2CKE009-088----","ssp1_2050":0,"ssp1_2100":0,"ssp1_2150":0,"ssp2_2050":0,"ssp2_2100":0,"ssp2_2150":1,"ssp5_2050":0,"ssp5_2100":1,"ssp5_2150":1}},{"type":"Feature","id":199,"geometry":{"type":"Point","coordinates":[-1340149.0427999999,2636333.5404000003]},"properties":{"OBJECTID":199,"Unified_Name":"Formaoil (TC An Sráidbhaile) Midden","Unified_Type":"Midden","Unified_Link":"https://heritagedata.maps.arcgis.com/apps/webappviewer/index.html?id=0c9eb9575b544081b0d296436d8f60f8&query=18a4b61b268-layer-9%2CSMRS%2CKE035-009----","ssp1_2050":1,"ssp1_2100":1,"ssp1_2150":1,"ssp2_2050":1,"ssp2_2100":1,"ssp2_2150":1,"ssp5_2050":1,"ssp5_2100":1,"ssp5_2150":1}},{"type":"Feature","id":200,"geometry":{"type":"Point","coordinates":[-1288471.7096999995,2659965.2862999998]},"properties":{"OBJECTID":200,"Unified_Name":"Carrigafoyle Bawn","Unified_Type":"Bawn","Unified_Link":"https://heritagedata.maps.arcgis.com/apps/webappviewer/index.html?id=0c9eb9575b544081b0d296436d8f60f8&query=18a4b61b268-layer-9%2CSMRS%2CKE002-045001-","ssp1_2050":0,"ssp1_2100":0,"ssp1_2150":0,"ssp2_2050":0,"ssp2_2100":0,"ssp2_2150":0,"ssp5_2050":0,"ssp5_2100":0,"ssp5_2150":1}},{"type":"Feature","id":202,"geometry":{"type":"Point","coordinates":[-1229596.3066000007,2655976.6467000004]},"properties":{"OBJECTID":202,"Unified_Name":"Limerick City Bridge","Unified_Type":"Bridge","Unified_Link":"https://heritagedata.maps.arcgis.com/apps/webappviewer/index.html?id=0c9eb9575b544081b0d296436d8f60f8&query=18a4b61b268-layer-9%2CSMRS%2CLI005-017002-","ssp1_2050":0,"ssp1_2100":0,"ssp1_2150":0,"ssp2_2050":0,"ssp2_2100":0,"ssp2_2150":0,"ssp5_2050":0,"ssp5_2100":0,"ssp5_2150":1}},{"type":"Feature","id":203,"geometry":{"type":"Point","coordinates":[-1241031.5686000008,2653139.7616000008]},"properties":{"OBJECTID":203,"Unified_Name":"Court Standing stone","Unified_Type":"Standing stone","Unified_Link":"https://heritagedata.maps.arcgis.com/apps/webappviewer/index.html?id=0c9eb9575b544081b0d296436d8f60f8&query=18a4b61b268-layer-9%2CSMRS%2CLI012-146----","ssp1_2050":0,"ssp1_2100":0,"ssp1_2150":0,"ssp2_2050":0,"ssp2_2100":0,"ssp2_2150":0,"ssp5_2050":0,"ssp5_2100":0,"ssp5_2150":1}},{"type":"Feature","id":205,"geometry":{"type":"Point","coordinates":[-1235707.4729999993,2849923.2272999994]},"properties":{"OBJECTID":205,"Unified_Name":"An Beithigh Promontory fort","Unified_Type":"Promontory fort - coastal","Unified_Link":"https://heritagedata.maps.arcgis.com/apps/webappviewer/index.html?id=0c9eb9575b544081b0d296436d8f60f8&query=18a4b61b268-layer-9%2CSMRS%2CMA006-002001-","ssp1_2050":0,"ssp1_2100":1,"ssp1_2150":1,"ssp2_2050":1,"ssp2_2100":1,"ssp2_2150":1,"ssp5_2050":1,"ssp5_2100":1,"ssp5_2150":1}},{"type":"Feature","id":207,"geometry":{"type":"Point","coordinates":[-1257463.3188000005,2806551.4763999991]},"properties":{"OBJECTID":207,"Unified_Name":"RockfleetBurial","Unified_Type":"Burial","Unified_Link":"https://heritagedata.maps.arcgis.com/apps/webappviewer/index.html?id=0c9eb9575b544081b0d296436d8f60f8&query=18a4b61b268-layer-9%2CSMRS%2CMA067-025003-","ssp1_2050":0,"ssp1_2100":0,"ssp1_2150":0,"ssp2_2050":0,"ssp2_2100":0,"ssp2_2150":0,"ssp5_2050":0,"ssp5_2100":0,"ssp5_2150":1}},{"type":"Feature","id":208,"geometry":{"type":"Point","coordinates":[-1184700.1325000003,2826869.7927000001]},"properties":{"OBJECTID":208,"Unified_Name":"Tanrego Midden","Unified_Type":"Midden","Unified_Link":"https://heritagedata.maps.arcgis.com/apps/webappviewer/index.html?id=0c9eb9575b544081b0d296436d8f60f8&query=18a4b61b268-layer-9%2CSMRS%2CSL019-057001-","ssp1_2050":1,"ssp1_2100":1,"ssp1_2150":1,"ssp2_2050":1,"ssp2_2100":1,"ssp2_2150":1,"ssp5_2050":1,"ssp5_2100":1,"ssp5_2150":1}},{"type":"Feature","id":209,"geometry":{"type":"Point","coordinates":[-1185048.6270000003,2839464.8080000002]},"properties":{"OBJECTID":209,"Unified_Name":"Horse Island Midden","Unified_Type":"Midden","Unified_Link":"https://heritagedata.maps.arcgis.com/apps/webappviewer/index.html?id=0c9eb9575b544081b0d296436d8f60f8&query=18a4b61b268-layer-9%2CSMRS%2CSL007-046----","ssp1_2050":0,"ssp1_2100":0,"ssp1_2150":1,"ssp2_2050":0,"ssp2_2100":1,"ssp2_2150":1,"ssp5_2050":0,"ssp5_2100":1,"ssp5_2150":1}},{"type":"Feature","id":210,"geometry":{"type":"Point","coordinates":[-1159810.3370999992,2600663.1177999992]},"properties":{"OBJECTID":210,"Unified_Name":"Carrickbeg Bridge","Unified_Type":"Bridge","Unified_Link":"https://heritagedata.maps.arcgis.com/apps/webappviewer/index.html?id=0c9eb9575b544081b0d296436d8f60f8&query=18a4b61b268-layer-9%2CSMRS%2CTS085-004007-","ssp1_2050":0,"ssp1_2100":0,"ssp1_2150":0,"ssp2_2050":0,"ssp2_2100":0,"ssp2_2150":0,"ssp5_2050":0,"ssp5_2100":0,"ssp5_2150":1}},{"type":"Feature","id":211,"geometry":{"type":"Point","coordinates":[-1193837.5887000002,2586070.4526000004]},"properties":{"OBJECTID":211,"Unified_Name":"Cappoquin Bridge","Unified_Type":"Bridge","Unified_Link":"https://heritagedata.maps.arcgis.com/apps/webappviewer/index.html?id=0c9eb9575b544081b0d296436d8f60f8&query=18a4b61b268-layer-9%2CSMRS%2CWA021-014001-","ssp1_2050":0,"ssp1_2100":0,"ssp1_2150":0,"ssp2_2050":0,"ssp2_2100":0,"ssp2_2150":0,"ssp5_2050":0,"ssp5_2100":0,"ssp5_2150":1}},{"type":"Feature","id":212,"geometry":{"type":"Point","coordinates":[-1193899.7034000009,2586098.5842000004]},"properties":{"OBJECTID":212,"Unified_Name":"Cappoquin , Kilbree Road","Unified_Type":"Road - road/trackway","Unified_Link":"https://heritagedata.maps.arcgis.com/apps/webappviewer/index.html?id=0c9eb9575b544081b0d296436d8f60f8&query=18a4b61b268-layer-9%2CSMRS%2CWA021-014002-","ssp1_2050":0,"ssp1_2100":0,"ssp1_2150":0,"ssp2_2050":0,"ssp2_2100":0,"ssp2_2150":0,"ssp5_2050":0,"ssp5_2100":0,"ssp5_2150":1}},{"type":"Feature","id":213,"geometry":{"type":"Point","coordinates":[-1194072.4449000005,2583812.4503000006]},"properties":{"OBJECTID":213,"Unified_Name":"River Blackwater Ford","Unified_Type":"Ford","Unified_Link":"https://heritagedata.maps.arcgis.com/apps/webappviewer/index.html?id=0c9eb9575b544081b0d296436d8f60f8&query=18a4b61b268-layer-9%2CSMRS%2CWA029-012----","ssp1_2050":0,"ssp1_2100":1,"ssp1_2150":1,"ssp2_2050":0,"ssp2_2100":1,"ssp2_2150":1,"ssp5_2050":0,"ssp5_2100":1,"ssp5_2150":1}},{"type":"Feature","id":214,"geometry":{"type":"Point","coordinates":[-1195669.3847000003,2581923.5094000008]},"properties":{"OBJECTID":214,"Unified_Name":"Dromana Castle","Unified_Type":"Castle - tower house","Unified_Link":"https://heritagedata.maps.arcgis.com/apps/webappviewer/index.html?id=0c9eb9575b544081b0d296436d8f60f8&query=18a4b61b268-layer-9%2CSMRS%2CWA029-021001-","ssp1_2050":1,"ssp1_2100":1,"ssp1_2150":1,"ssp2_2050":1,"ssp2_2100":1,"ssp2_2150":1,"ssp5_2050":1,"ssp5_2100":1,"ssp5_2150":1}},{"type":"Feature","id":215,"geometry":{"type":"Point","coordinates":[-1164200.0650999993,2576558.7584000006]},"properties":{"OBJECTID":215,"Unified_Name":"Ballynarrid Promontory fort","Unified_Type":"Promontory fort - coastal","Unified_Link":"https://heritagedata.maps.arcgis.com/apps/webappviewer/index.html?id=0c9eb9575b544081b0d296436d8f60f8&query=18a4b61b268-layer-9%2CSMRS%2CWA032-015----","ssp1_2050":0,"ssp1_2100":0,"ssp1_2150":0,"ssp2_2050":0,"ssp2_2100":0,"ssp2_2150":1,"ssp5_2050":0,"ssp5_2100":1,"ssp5_2150":1}},{"type":"Feature","id":216,"geometry":{"type":"Point","coordinates":[-1163686.8947999999,2576467.4558000006]},"properties":{"OBJECTID":216,"Unified_Name":"Ballynarrid Church","Unified_Type":"Church","Unified_Link":"https://heritagedata.maps.arcgis.com/apps/webappviewer/index.html?id=0c9eb9575b544081b0d296436d8f60f8&query=18a4b61b268-layer-9%2CSMRS%2CWA032-017001-","ssp1_2050":1,"ssp1_2100":1,"ssp1_2150":1,"ssp2_2050":1,"ssp2_2100":1,"ssp2_2150":1,"ssp5_2050":1,"ssp5_2100":1,"ssp5_2150":1}},{"type":"Feature","id":217,"geometry":{"type":"Point","coordinates":[-1163682.0803999994,2576470.4266999997]},"properties":{"OBJECTID":217,"Unified_Name":"Ballynarrid Building","Unified_Type":"Building","Unified_Link":"https://heritagedata.maps.arcgis.com/apps/webappviewer/index.html?id=0c9eb9575b544081b0d296436d8f60f8&query=18a4b61b268-layer-9%2CSMRS%2CWA032-017002-","ssp1_2050":1,"ssp1_2100":1,"ssp1_2150":1,"ssp2_2050":1,"ssp2_2100":1,"ssp2_2150":1,"ssp5_2050":1,"ssp5_2100":1,"ssp5_2150":1}},{"type":"Feature","id":218,"geometry":{"type":"Point","coordinates":[-1134990.7468999997,2575343.5377999991]},"properties":{"OBJECTID":218,"Unified_Name":"Creadan Fulacht fia","Unified_Type":"Fulacht fia","Unified_Link":"https://heritagedata.maps.arcgis.com/apps/webappviewer/index.html?id=0c9eb9575b544081b0d296436d8f60f8&query=18a4b61b268-layer-9%2CSMRS%2CWA027-094----","ssp1_2050":1,"ssp1_2100":1,"ssp1_2150":1,"ssp2_2050":1,"ssp2_2100":1,"ssp2_2150":1,"ssp5_2050":1,"ssp5_2100":1,"ssp5_2150":1}},{"type":"Feature","id":219,"geometry":{"type":"Point","coordinates":[-1134990.7468999997,2575343.5377999991]},"properties":{"OBJECTID":219,"Unified_Name":"Creadan Midden","Unified_Type":"Midden","Unified_Link":"https://heritagedata.maps.arcgis.com/apps/webappviewer/index.html?id=0c9eb9575b544081b0d296436d8f60f8&query=18a4b61b268-layer-9%2CSMRS%2CWA027-095----","ssp1_2050":1,"ssp1_2100":1,"ssp1_2150":1,"ssp2_2050":1,"ssp2_2100":1,"ssp2_2150":1,"ssp5_2050":1,"ssp5_2100":1,"ssp5_2150":1}},{"type":"Feature","id":220,"geometry":{"type":"Point","coordinates":[-1093394.1046999991,2587765.3629999999]},"properties":{"OBJECTID":220,"Unified_Name":"Beggerin Island Church","Unified_Type":"Church","Unified_Link":"https://heritagedata.maps.arcgis.com/apps/webappviewer/index.html?id=0c9eb9575b544081b0d296436d8f60f8&query=18a4b61b268-layer-9%2CSMRS%2CWX038-004001-","ssp1_2050":0,"ssp1_2100":0,"ssp1_2150":0,"ssp2_2050":0,"ssp2_2100":0,"ssp2_2150":0,"ssp5_2050":0,"ssp5_2100":0,"ssp5_2150":1}},{"type":"Feature","id":221,"geometry":{"type":"Point","coordinates":[-1093354.8403999992,2587727.2537999991]},"properties":{"OBJECTID":221,"Unified_Name":"Beggerin Island Cross-slab","Unified_Type":"Cross-slab","Unified_Link":"https://heritagedata.maps.arcgis.com/apps/webappviewer/index.html?id=0c9eb9575b544081b0d296436d8f60f8&query=18a4b61b268-layer-9%2CSMRS%2CWX038-004004-","ssp1_2050":0,"ssp1_2100":0,"ssp1_2150":0,"ssp2_2050":0,"ssp2_2100":0,"ssp2_2150":1,"ssp5_2050":0,"ssp5_2100":1,"ssp5_2150":1}},{"type":"Feature","id":222,"geometry":{"type":"Point","coordinates":[-1122707.5286999997,2576620.7184999995]},"properties":{"OBJECTID":222,"Unified_Name":"Bannow Island Midden","Unified_Type":"Midden","Unified_Link":"https://heritagedata.maps.arcgis.com/apps/webappviewer/index.html?id=0c9eb9575b544081b0d296436d8f60f8&query=18a4b61b268-layer-9%2CSMRS%2CWX045-044----","ssp1_2050":0,"ssp1_2100":1,"ssp1_2150":1,"ssp2_2050":0,"ssp2_2100":1,"ssp2_2150":1,"ssp5_2050":0,"ssp5_2100":1,"ssp5_2150":1}},{"type":"Feature","id":223,"geometry":{"type":"Point","coordinates":[-1122167.5757999998,2576604.0287999995]},"properties":{"OBJECTID":223,"Unified_Name":"Brandane Tide Mill","Unified_Type":"Tide mill - unclassified","Unified_Link":"https://heritagedata.maps.arcgis.com/apps/webappviewer/index.html?id=0c9eb9575b544081b0d296436d8f60f8&query=18a4b61b268-layer-9%2CSMRS%2CWX045-064----","ssp1_2050":1,"ssp1_2100":1,"ssp1_2150":1,"ssp2_2050":1,"ssp2_2100":1,"ssp2_2150":1,"ssp5_2050":1,"ssp5_2100":1,"ssp5_2150":1}},{"type":"Feature","id":224,"geometry":{"type":"Point","coordinates":[-1127919.6944999993,2598877.7901000008]},"properties":{"OBJECTID":224,"Unified_Name":"Rosbercon Bridge","Unified_Type":"Bridge","Unified_Link":"https://heritagedata.maps.arcgis.com/apps/webappviewer/index.html?id=0c9eb9575b544081b0d296436d8f60f8&query=18a4b61b268-layer-9%2CSMRS%2CWX029-013071-","ssp1_2050":1,"ssp1_2100":1,"ssp1_2150":1,"ssp2_2050":1,"ssp2_2100":1,"ssp2_2150":1,"ssp5_2050":1,"ssp5_2100":1,"ssp5_2150":1}},{"type":"Feature","id":225,"geometry":{"type":"Point","coordinates":[-1109638.6553000007,2573916.4788000006]},"properties":{"OBJECTID":225,"Unified_Name":"Newtown Excavation","Unified_Type":"Excavation - miscellaneous","Unified_Link":"https://heritagedata.maps.arcgis.com/apps/webappviewer/index.html?id=0c9eb9575b544081b0d296436d8f60f8&query=18a4b61b268-layer-9%2CSMRS%2CWX046-097----","ssp1_2050":0,"ssp1_2100":1,"ssp1_2150":1,"ssp2_2050":0,"ssp2_2100":1,"ssp2_2150":1,"ssp5_2050":0,"ssp5_2100":1,"ssp5_2150":1}},{"type":"Feature","id":226,"geometry":{"type":"Point","coordinates":[-1109596.2103000004,2573468.9207000006]},"properties":{"OBJECTID":226,"Unified_Name":"Richfield  Gateway","Unified_Type":"Gateway","Unified_Link":"https://heritagedata.maps.arcgis.com/apps/webappviewer/index.html?id=0c9eb9575b544081b0d296436d8f60f8&query=18a4b61b268-layer-9%2CSMRS%2CWX046-101----","ssp1_2050":0,"ssp1_2100":0,"ssp1_2150":0,"ssp2_2050":0,"ssp2_2100":0,"ssp2_2150":0,"ssp5_2050":0,"ssp5_2100":0,"ssp5_2150":1}},{"type":"Feature","id":227,"geometry":{"type":"Point","coordinates":[-1132921.0394000001,2588591.1658999994]},"properties":{"OBJECTID":227,"Unified_Name":"Great Island Water mill","Unified_Type":"Water mill - unclassified","Unified_Link":"https://heritagedata.maps.arcgis.com/apps/webappviewer/index.html?id=0c9eb9575b544081b0d296436d8f60f8&query=18a4b61b268-layer-9%2CSMRS%2CWX039-091----","ssp1_2050":0,"ssp1_2100":0,"ssp1_2150":0,"ssp2_2050":0,"ssp2_2100":0,"ssp2_2150":0,"ssp5_2050":0,"ssp5_2100":0,"ssp5_2150":1}},{"type":"Feature","id":229,"geometry":{"type":"Point","coordinates":[-1086253.5141000003,2593498.7681000009]},"properties":{"OBJECTID":229,"Unified_Name":"Ballyconigar Signal tower","Unified_Type":"Signal tower","Unified_Link":"https://heritagedata.maps.arcgis.com/apps/webappviewer/index.html?id=0c9eb9575b544081b0d296436d8f60f8&query=18a4b61b268-layer-9%2CSMRS%2CWX033-043----","ssp1_2050":0,"ssp1_2100":0,"ssp1_2150":0,"ssp2_2050":0,"ssp2_2100":0,"ssp2_2150":0,"ssp5_2050":0,"ssp5_2100":0,"ssp5_2150":1}},{"type":"Feature","id":230,"geometry":{"type":"Point","coordinates":[-999094.05760000087,2796188.4105999991]},"properties":{"OBJECTID":230,"Unified_Name":"Craigoganlet Church","Unified_Type":"Ecclesiastical Site","Unified_Link":"N/A","ssp1_2050":0,"ssp1_2100":0,"ssp1_2150":0,"ssp2_2050":0,"ssp2_2100":0,"ssp2_2150":0,"ssp5_2050":0,"ssp5_2100":0,"ssp5_2150":1}},{"type":"Feature","id":231,"geometry":{"type":"Point","coordinates":[-992780.57770000026,2821204.3170999996]},"properties":{"OBJECTID":231,"Unified_Name":"Common WWII Pillbox - DHP No. 46","Unified_Type":"Pillbox","Unified_Link":"N/A","ssp1_2050":0,"ssp1_2100":0,"ssp1_2150":0,"ssp2_2050":0,"ssp2_2100":0,"ssp2_2150":0,"ssp5_2050":0,"ssp5_2100":0,"ssp5_2150":1}},{"type":"Feature","id":232,"geometry":{"type":"Point","coordinates":[-992889.61449999921,2821660.5351]},"properties":{"OBJECTID":232,"Unified_Name":"Common WWII Pillbox - DHP No. 62","Unified_Type":"Pillbox","Unified_Link":"N/A","ssp1_2050":0,"ssp1_2100":0,"ssp1_2150":0,"ssp2_2050":0,"ssp2_2100":0,"ssp2_2150":0,"ssp5_2050":0,"ssp5_2100":0,"ssp5_2150":1}},{"type":"Feature","id":233,"geometry":{"type":"Point","coordinates":[-987821.01099999994,2815327.4119000006]},"properties":{"OBJECTID":233,"Unified_Name":"Mount Stewart Mesolithic Occupation Site","Unified_Type":"Occupation Site","Unified_Link":"N/A","ssp1_2050":0,"ssp1_2100":0,"ssp1_2150":0,"ssp2_2050":0,"ssp2_2100":0,"ssp2_2150":0,"ssp5_2050":0,"ssp5_2100":0,"ssp5_2150":1}},{"type":"Feature","id":234,"geometry":{"type":"Point","coordinates":[-992511.92730000056,2811309.7185999993]},"properties":{"OBJECTID":234,"Unified_Name":"Mahee Island: Mesolithic Flint Blade Findspot","Unified_Type":"Findspot","Unified_Link":"N/A","ssp1_2050":0,"ssp1_2100":1,"ssp1_2150":1,"ssp2_2050":0,"ssp2_2100":1,"ssp2_2150":1,"ssp5_2050":0,"ssp5_2100":1,"ssp5_2150":1}},{"type":"Feature","id":235,"geometry":{"type":"Point","coordinates":[-988737.37759999931,2795822.6037000008]},"properties":{"OBJECTID":235,"Unified_Name":"Tullyboard Mesolithic Occupation Site","Unified_Type":"Occupation Site","Unified_Link":"N/A","ssp1_2050":0,"ssp1_2100":0,"ssp1_2150":0,"ssp2_2050":0,"ssp2_2100":0,"ssp2_2150":0,"ssp5_2050":0,"ssp5_2100":0,"ssp5_2150":1}},{"type":"Feature","id":236,"geometry":{"type":"Point","coordinates":[-1001520.4579000007,2793184.4746000003]},"properties":{"OBJECTID":236,"Unified_Name":"Demesne of Down; Downpatrick Medieval Leprosy Hospital","Unified_Type":"Leper Hospital","Unified_Link":"N/A","ssp1_2050":0,"ssp1_2100":0,"ssp1_2150":0,"ssp2_2050":0,"ssp2_2100":0,"ssp2_2150":0,"ssp5_2050":0,"ssp5_2100":0,"ssp5_2150":1}},{"type":"Feature","id":237,"geometry":{"type":"Point","coordinates":[-997981.26349999942,2785336.4729999993]},"properties":{"OBJECTID":237,"Unified_Name":"Strand Crannog Swan Island","Unified_Type":"Crannog","Unified_Link":"N/A","ssp1_2050":0,"ssp1_2100":1,"ssp1_2150":1,"ssp2_2050":0,"ssp2_2100":1,"ssp2_2150":1,"ssp5_2050":0,"ssp5_2100":1,"ssp5_2150":1}},{"type":"Feature","id":238,"geometry":{"type":"Point","coordinates":[-1057443.5069999993,2902570.1212000009]},"properties":{"OBJECTID":238,"Unified_Name":"Ballymullholland Iron Age Shell Midden","Unified_Type":"Occupation Site","Unified_Link":"N/A","ssp1_2050":0,"ssp1_2100":0,"ssp1_2150":0,"ssp2_2050":0,"ssp2_2100":0,"ssp2_2150":0,"ssp5_2050":0,"ssp5_2100":0,"ssp5_2150":1}},{"type":"Feature","id":239,"geometry":{"type":"Point","coordinates":[-1057514.1851000004,2902410.2749000005]},"properties":{"OBJECTID":239,"Unified_Name":"Ballymullholland Shell Midden","Unified_Type":"Occupation Site","Unified_Link":"N/A","ssp1_2050":1,"ssp1_2100":1,"ssp1_2150":1,"ssp2_2050":1,"ssp2_2100":1,"ssp2_2150":1,"ssp5_2050":1,"ssp5_2100":1,"ssp5_2150":1}},{"type":"Feature","id":240,"geometry":{"type":"Point","coordinates":[-1080348.3214999996,2893029.1843999997]},"properties":{"OBJECTID":240,"Unified_Name":"Ballynashallog: Findspot of an Axe and Struck Flint","Unified_Type":"Findspot","Unified_Link":"N/A","ssp1_2050":1,"ssp1_2100":1,"ssp1_2150":1,"ssp2_2050":1,"ssp2_2100":1,"ssp2_2150":1,"ssp5_2050":1,"ssp5_2100":1,"ssp5_2150":1}},{"type":"Feature","id":241,"geometry":{"type":"Point","coordinates":[-1072292.8532999996,2893227.0787000004]},"properties":{"OBJECTID":241,"Unified_Name":"Longfield Level (Intake) WWII Pillbox - DHP 114","Unified_Type":"Pillbox","Unified_Link":"N/A","ssp1_2050":1,"ssp1_2100":1,"ssp1_2150":1,"ssp2_2050":1,"ssp2_2100":1,"ssp2_2150":1,"ssp5_2050":1,"ssp5_2100":1,"ssp5_2150":1}},{"type":"Feature","id":242,"geometry":{"type":"Point","coordinates":[-991926.80540000089,2820434.0217000004]},"properties":{"OBJECTID":242,"Unified_Name":"Ballyreagh Stone Quay","Unified_Type":"Quay","Unified_Link":"N/A","ssp1_2050":0,"ssp1_2100":0,"ssp1_2150":0,"ssp2_2050":0,"ssp2_2100":0,"ssp2_2150":0,"ssp5_2050":0,"ssp5_2100":0,"ssp5_2150":1}},{"type":"Feature","id":243,"geometry":{"type":"Point","coordinates":[-991778.5644000005,2820093.3154000007]},"properties":{"OBJECTID":243,"Unified_Name":"Ballyreagh Ford","Unified_Type":"Ford","Unified_Link":"N/A","ssp1_2050":1,"ssp1_2100":1,"ssp1_2150":1,"ssp2_2050":1,"ssp2_2100":1,"ssp2_2150":1,"ssp5_2050":1,"ssp5_2100":1,"ssp5_2150":1}},{"type":"Feature","id":244,"geometry":{"type":"Point","coordinates":[-996074.5867999997,2816999.8267999999]},"properties":{"OBJECTID":244,"Unified_Name":"Ringcrevy Earthen Reclamation Bank","Unified_Type":"Reclamation Bank","Unified_Link":"N/A","ssp1_2050":1,"ssp1_2100":1,"ssp1_2150":1,"ssp2_2050":1,"ssp2_2100":1,"ssp2_2150":1,"ssp5_2050":1,"ssp5_2100":1,"ssp5_2150":1}},{"type":"Feature","id":245,"geometry":{"type":"Point","coordinates":[-988976.7993999999,2817606.4430999998]},"properties":{"OBJECTID":245,"Unified_Name":"Mount Stewart Ford","Unified_Type":"Ford","Unified_Link":"N/A","ssp1_2050":0,"ssp1_2100":0,"ssp1_2150":0,"ssp2_2050":0,"ssp2_2100":0,"ssp2_2150":0,"ssp5_2050":0,"ssp5_2100":0,"ssp5_2150":1}},{"type":"Feature","id":246,"geometry":{"type":"Point","coordinates":[-988717.92650000006,2817018.1725999992]},"properties":{"OBJECTID":246,"Unified_Name":"Mount Stewart Kelp Grid","Unified_Type":"Kelp Grid","Unified_Link":"N/A","ssp1_2050":0,"ssp1_2100":0,"ssp1_2150":0,"ssp2_2050":0,"ssp2_2100":0,"ssp2_2150":0,"ssp5_2050":0,"ssp5_2100":0,"ssp5_2150":1}},{"type":"Feature","id":247,"geometry":{"type":"Point","coordinates":[-988531.23680000007,2816385.4658000004]},"properties":{"OBJECTID":247,"Unified_Name":"Mount Stewart Composite Stone and Wooden Jetty","Unified_Type":"Jetty","Unified_Link":"N/A","ssp1_2050":0,"ssp1_2100":0,"ssp1_2150":0,"ssp2_2050":0,"ssp2_2100":0,"ssp2_2150":0,"ssp5_2050":0,"ssp5_2100":0,"ssp5_2150":1}},{"type":"Feature","id":248,"geometry":{"type":"Point","coordinates":[-988673.56350000016,2816871.0348000005]},"properties":{"OBJECTID":248,"Unified_Name":"Mount Stewart Post Complex","Unified_Type":"Anti Landing Pole","Unified_Link":"N/A","ssp1_2050":0,"ssp1_2100":0,"ssp1_2150":0,"ssp2_2050":0,"ssp2_2100":0,"ssp2_2150":0,"ssp5_2050":0,"ssp5_2100":0,"ssp5_2150":1}},{"type":"Feature","id":249,"geometry":{"type":"Point","coordinates":[-993933.24980000034,2814879.0258000009]},"properties":{"OBJECTID":249,"Unified_Name":"Ballydrain Reclamation Wall","Unified_Type":"Reclamation Wall","Unified_Link":"N/A","ssp1_2050":0,"ssp1_2100":0,"ssp1_2150":0,"ssp2_2050":0,"ssp2_2100":0,"ssp2_2150":1,"ssp5_2050":0,"ssp5_2100":1,"ssp5_2150":1}},{"type":"Feature","id":250,"geometry":{"type":"Point","coordinates":[-992204.63839999959,2808607.9635000005]},"properties":{"OBJECTID":250,"Unified_Name":"Coney Island Landing Place","Unified_Type":"Landing Point","Unified_Link":"N/A","ssp1_2050":1,"ssp1_2100":1,"ssp1_2150":1,"ssp2_2050":1,"ssp2_2100":1,"ssp2_2150":1,"ssp5_2050":1,"ssp5_2100":1,"ssp5_2150":1}},{"type":"Feature","id":252,"geometry":{"type":"Point","coordinates":[-991856.21770000085,2806272.1213000007]},"properties":{"OBJECTID":252,"Unified_Name":"Dunsy Island (Ringhaddy) Stone Quay and Cleared Slipway","Unified_Type":"Quay Complex","Unified_Link":"N/A","ssp1_2050":0,"ssp1_2100":0,"ssp1_2150":0,"ssp2_2050":0,"ssp2_2100":0,"ssp2_2150":0,"ssp5_2050":0,"ssp5_2100":0,"ssp5_2150":1}},{"type":"Feature","id":253,"geometry":{"type":"Point","coordinates":[-992786.40440000035,2806131.3792000003]},"properties":{"OBJECTID":253,"Unified_Name":"Islandbane Cleared Slipway","Unified_Type":"Slipway","Unified_Link":"N/A","ssp1_2050":0,"ssp1_2100":0,"ssp1_2150":0,"ssp2_2050":0,"ssp2_2100":0,"ssp2_2150":1,"ssp5_2050":0,"ssp5_2100":1,"ssp5_2150":1}},{"type":"Feature","id":254,"geometry":{"type":"Point","coordinates":[-993229.36219999939,2805825.4098000005]},"properties":{"OBJECTID":254,"Unified_Name":"Ballymacarron Ford","Unified_Type":"Ford","Unified_Link":"N/A","ssp1_2050":0,"ssp1_2100":1,"ssp1_2150":1,"ssp2_2050":0,"ssp2_2100":1,"ssp2_2150":1,"ssp5_2050":0,"ssp5_2100":1,"ssp5_2150":1}},{"type":"Feature","id":255,"geometry":{"type":"Point","coordinates":[-992936.09679999948,2807841.9209000003]},"properties":{"OBJECTID":255,"Unified_Name":"Islandbane Reclamation Walls","Unified_Type":"Reclamation Wall","Unified_Link":"N/A","ssp1_2050":0,"ssp1_2100":0,"ssp1_2150":0,"ssp2_2050":0,"ssp2_2100":0,"ssp2_2150":0,"ssp5_2050":0,"ssp5_2100":0,"ssp5_2150":1}},{"type":"Feature","id":256,"geometry":{"type":"Point","coordinates":[-990651.52529999986,2807545.5143999998]},"properties":{"OBJECTID":256,"Unified_Name":"Little Minnis's Island (Ballymorran) Animal Shelter","Unified_Type":"Animal Shed","Unified_Link":"N/A","ssp1_2050":1,"ssp1_2100":1,"ssp1_2150":1,"ssp2_2050":1,"ssp2_2100":1,"ssp2_2150":1,"ssp5_2050":1,"ssp5_2100":1,"ssp5_2150":1}},{"type":"Feature","id":257,"geometry":{"type":"Point","coordinates":[-991522.65090000071,2807922.9813999999]},"properties":{"OBJECTID":257,"Unified_Name":"Parton Island Animal Shelter","Unified_Type":"Animal Shed","Unified_Link":"N/A","ssp1_2050":0,"ssp1_2100":0,"ssp1_2150":1,"ssp2_2050":0,"ssp2_2100":1,"ssp2_2150":1,"ssp5_2050":0,"ssp5_2100":1,"ssp5_2150":1}},{"type":"Feature","id":259,"geometry":{"type":"Point","coordinates":[-993549.19280000031,2802529.7787999995]},"properties":{"OBJECTID":259,"Unified_Name":"Island Taggart Modern Fence","Unified_Type":"Field Boundary","Unified_Link":"N/A","ssp1_2050":0,"ssp1_2100":1,"ssp1_2150":1,"ssp2_2050":0,"ssp2_2100":1,"ssp2_2150":1,"ssp5_2050":0,"ssp5_2100":1,"ssp5_2150":1}},{"type":"Feature","id":260,"geometry":{"type":"Point","coordinates":[-993867.2265000008,2802275.7954999991]},"properties":{"OBJECTID":260,"Unified_Name":"Island Taggart Field Boundary Extension","Unified_Type":"Intertidal Wall","Unified_Link":"N/A","ssp1_2050":0,"ssp1_2100":0,"ssp1_2150":0,"ssp2_2050":0,"ssp2_2100":1,"ssp2_2150":1,"ssp5_2050":0,"ssp5_2100":1,"ssp5_2150":1}},{"type":"Feature","id":261,"geometry":{"type":"Point","coordinates":[-993874.63639999926,2802246.3101000004]},"properties":{"OBJECTID":261,"Unified_Name":"Island Taggart Field Boundary Extension: Modern Fence","Unified_Type":"Non-Antiquity","Unified_Link":"N/A","ssp1_2050":0,"ssp1_2100":0,"ssp1_2150":0,"ssp2_2050":0,"ssp2_2100":1,"ssp2_2150":1,"ssp5_2050":0,"ssp5_2100":1,"ssp5_2150":1}},{"type":"Feature","id":262,"geometry":{"type":"Point","coordinates":[-993868.18679999933,2802150.5906000007]},"properties":{"OBJECTID":262,"Unified_Name":"Island Taggart Field Boundary Extension","Unified_Type":"Intertidal Wall","Unified_Link":"N/A","ssp1_2050":0,"ssp1_2100":0,"ssp1_2150":0,"ssp2_2050":0,"ssp2_2100":1,"ssp2_2150":1,"ssp5_2050":0,"ssp5_2100":1,"ssp5_2150":1}},{"type":"Feature","id":263,"geometry":{"type":"Point","coordinates":[-992379.10239999928,2813011.4152000006]},"properties":{"OBJECTID":263,"Unified_Name":"Ringneill/Rolly Island Causeway","Unified_Type":"Causeway","Unified_Link":"N/A","ssp1_2050":0,"ssp1_2100":1,"ssp1_2150":1,"ssp2_2050":0,"ssp2_2100":1,"ssp2_2150":1,"ssp5_2050":0,"ssp5_2100":1,"ssp5_2150":1}},{"type":"Feature","id":264,"geometry":{"type":"Point","coordinates":[-992672.89440000057,2813420.3498]},"properties":{"OBJECTID":264,"Unified_Name":"Ringneill Bulldozed Channel","Unified_Type":"Non-Antiquity","Unified_Link":"N/A","ssp1_2050":0,"ssp1_2100":0,"ssp1_2150":0,"ssp2_2050":0,"ssp2_2100":0,"ssp2_2150":0,"ssp5_2050":0,"ssp5_2100":0,"ssp5_2150":1}},{"type":"Feature","id":265,"geometry":{"type":"Point","coordinates":[-992052.4561999999,2813137.7566]},"properties":{"OBJECTID":265,"Unified_Name":"Reagh Island Oyster Tank","Unified_Type":"Oyster Tank","Unified_Link":"N/A","ssp1_2050":1,"ssp1_2100":1,"ssp1_2150":1,"ssp2_2050":1,"ssp2_2100":1,"ssp2_2150":1,"ssp5_2050":1,"ssp5_2100":1,"ssp5_2150":1}},{"type":"Feature","id":266,"geometry":{"type":"Point","coordinates":[-992901.79199999943,2813237.8862999994]},"properties":{"OBJECTID":266,"Unified_Name":"Ringneill Cleared Slipway","Unified_Type":"Slipway","Unified_Link":"N/A","ssp1_2050":0,"ssp1_2100":0,"ssp1_2150":0,"ssp2_2050":0,"ssp2_2100":0,"ssp2_2150":0,"ssp5_2050":0,"ssp5_2100":0,"ssp5_2150":1}},{"type":"Feature","id":268,"geometry":{"type":"Point","coordinates":[-992133.55560000055,2813179.2059000004]},"properties":{"OBJECTID":268,"Unified_Name":"Ringneill Hulk: Schooner Fanny Crossfield","Unified_Type":"Wreck","Unified_Link":"N/A","ssp1_2050":1,"ssp1_2100":1,"ssp1_2150":1,"ssp2_2050":1,"ssp2_2100":1,"ssp2_2150":1,"ssp5_2050":1,"ssp5_2100":1,"ssp5_2150":1}},{"type":"Feature","id":269,"geometry":{"type":"Point","coordinates":[-992145.90709999949,2813130.0651999991]},"properties":{"OBJECTID":269,"Unified_Name":"Ringneill Stone Slipway","Unified_Type":"Slipway","Unified_Link":"N/A","ssp1_2050":1,"ssp1_2100":1,"ssp1_2150":1,"ssp2_2050":1,"ssp2_2100":1,"ssp2_2150":1,"ssp5_2050":1,"ssp5_2100":1,"ssp5_2150":1}},{"type":"Feature","id":270,"geometry":{"type":"Point","coordinates":[-991846.31210000068,2812541.9429000001]},"properties":{"OBJECTID":270,"Unified_Name":"Reagh Island Intertidal Wall","Unified_Type":"Intertidal Wall","Unified_Link":"N/A","ssp1_2050":1,"ssp1_2100":1,"ssp1_2150":1,"ssp2_2050":1,"ssp2_2100":1,"ssp2_2150":1,"ssp5_2050":1,"ssp5_2100":1,"ssp5_2150":1}},{"type":"Feature","id":271,"geometry":{"type":"Point","coordinates":[-992128.93620000035,2813157.1281000003]},"properties":{"OBJECTID":271,"Unified_Name":"Ringneill Stone Quay","Unified_Type":"Quay","Unified_Link":"N/A","ssp1_2050":1,"ssp1_2100":1,"ssp1_2150":1,"ssp2_2050":1,"ssp2_2100":1,"ssp2_2150":1,"ssp5_2050":1,"ssp5_2100":1,"ssp5_2150":1}},{"type":"Feature","id":272,"geometry":{"type":"Point","coordinates":[-991494.6428999994,2812808.2971000001]},"properties":{"OBJECTID":272,"Unified_Name":"Reagh Island Intertidal Wall","Unified_Type":"Intertidal Wall","Unified_Link":"N/A","ssp1_2050":1,"ssp1_2100":1,"ssp1_2150":1,"ssp2_2050":1,"ssp2_2100":1,"ssp2_2150":1,"ssp5_2050":1,"ssp5_2100":1,"ssp5_2150":1}},{"type":"Feature","id":273,"geometry":{"type":"Point","coordinates":[-991787.02500000037,2812777.8179000001]},"properties":{"OBJECTID":273,"Unified_Name":"Reagh Island Intertidal Wall","Unified_Type":"Intertidal Wall","Unified_Link":"N/A","ssp1_2050":0,"ssp1_2100":0,"ssp1_2150":0,"ssp2_2050":0,"ssp2_2100":0,"ssp2_2150":0,"ssp5_2050":0,"ssp5_2100":0,"ssp5_2150":1}},{"type":"Feature","id":274,"geometry":{"type":"Point","coordinates":[-992143.31389999948,2812533.5397999994]},"properties":{"OBJECTID":274,"Unified_Name":"Reagh Island Intertidal Wall","Unified_Type":"Intertidal Wall","Unified_Link":"N/A","ssp1_2050":0,"ssp1_2100":0,"ssp1_2150":0,"ssp2_2050":0,"ssp2_2100":0,"ssp2_2150":0,"ssp5_2050":0,"ssp5_2100":0,"ssp5_2150":1}},{"type":"Feature","id":275,"geometry":{"type":"Point","coordinates":[-991805.72409999929,2813148.4383000005]},"properties":{"OBJECTID":275,"Unified_Name":"Reagh Island Intertidal Wall","Unified_Type":"Intertidal Wall","Unified_Link":"N/A","ssp1_2050":0,"ssp1_2100":0,"ssp1_2150":0,"ssp2_2050":0,"ssp2_2100":0,"ssp2_2150":0,"ssp5_2050":0,"ssp5_2100":1,"ssp5_2150":1}},{"type":"Feature","id":276,"geometry":{"type":"Point","coordinates":[-985914.73469999991,2808833.4769000001]},"properties":{"OBJECTID":276,"Unified_Name":"Kirkcubbin Peat and Wood Material","Unified_Type":"Submerged Forest","Unified_Link":"N/A","ssp1_2050":0,"ssp1_2100":0,"ssp1_2150":0,"ssp2_2050":0,"ssp2_2100":0,"ssp2_2150":0,"ssp5_2050":0,"ssp5_2100":0,"ssp5_2150":1}},{"type":"Feature","id":277,"geometry":{"type":"Point","coordinates":[-986186.3535999991,2807146.0537]},"properties":{"OBJECTID":277,"Unified_Name":"Rowreagh Swimming Ponds","Unified_Type":"Tidal Swimming Pool","Unified_Link":"N/A","ssp1_2050":0,"ssp1_2100":0,"ssp1_2150":0,"ssp2_2050":0,"ssp2_2100":0,"ssp2_2150":1,"ssp5_2050":0,"ssp5_2100":1,"ssp5_2150":1}},{"type":"Feature","id":279,"geometry":{"type":"Point","coordinates":[-990687.51219999976,2811892.9863000009]},"properties":{"OBJECTID":279,"Unified_Name":"Mahee Island Intertidal Wall","Unified_Type":"Intertidal Wall","Unified_Link":"N/A","ssp1_2050":0,"ssp1_2100":0,"ssp1_2150":0,"ssp2_2050":0,"ssp2_2100":0,"ssp2_2150":0,"ssp5_2050":0,"ssp5_2100":0,"ssp5_2150":1}},{"type":"Feature","id":280,"geometry":{"type":"Point","coordinates":[-987812.40530000068,2813339.0144999996]},"properties":{"OBJECTID":280,"Unified_Name":"Ballyurnanellan; South Island Oyster Midden","Unified_Type":"Midden","Unified_Link":"N/A","ssp1_2050":0,"ssp1_2100":0,"ssp1_2150":0,"ssp2_2050":0,"ssp2_2100":0,"ssp2_2150":0,"ssp5_2050":0,"ssp5_2100":0,"ssp5_2150":1}},{"type":"Feature","id":281,"geometry":{"type":"Point","coordinates":[-990722.12639999948,2808640.1493999995]},"properties":{"OBJECTID":281,"Unified_Name":"Inishanier Island Animal Shelter","Unified_Type":"Animal Shed","Unified_Link":"N/A","ssp1_2050":0,"ssp1_2100":0,"ssp1_2150":0,"ssp2_2050":0,"ssp2_2100":0,"ssp2_2150":0,"ssp5_2050":0,"ssp5_2100":0,"ssp5_2150":1}},{"type":"Feature","id":282,"geometry":{"type":"Point","coordinates":[-993088.41389999911,2807964.1297999993]},"properties":{"OBJECTID":282,"Unified_Name":"Ballymorran; Shamrock Island Ford","Unified_Type":"Ford","Unified_Link":"N/A","ssp1_2050":0,"ssp1_2100":0,"ssp1_2150":0,"ssp2_2050":0,"ssp2_2100":0,"ssp2_2150":0,"ssp5_2050":0,"ssp5_2100":0,"ssp5_2150":1}},{"type":"Feature","id":284,"geometry":{"type":"Point","coordinates":[-991730.24080000073,2806773.3628000002]},"properties":{"OBJECTID":284,"Unified_Name":"Dunsinane Island (Islandmore) Stone Tongue-Shaped Quay","Unified_Type":"Quay","Unified_Link":"N/A","ssp1_2050":0,"ssp1_2100":0,"ssp1_2150":0,"ssp2_2050":0,"ssp2_2100":0,"ssp2_2150":0,"ssp5_2050":0,"ssp5_2100":0,"ssp5_2150":1}},{"type":"Feature","id":285,"geometry":{"type":"Point","coordinates":[-991559.54409999959,2806238.7919999994]},"properties":{"OBJECTID":285,"Unified_Name":"Dunsy Island: Clear Slipway and Flints","Unified_Type":"Slipway","Unified_Link":"N/A","ssp1_2050":0,"ssp1_2100":0,"ssp1_2150":0,"ssp2_2050":0,"ssp2_2100":0,"ssp2_2150":0,"ssp5_2050":0,"ssp5_2100":1,"ssp5_2150":1}},{"type":"Feature","id":286,"geometry":{"type":"Point","coordinates":[-989106.79600000009,2802282.6710999999]},"properties":{"OBJECTID":286,"Unified_Name":"Demesne Stone Jetty","Unified_Type":"Jetty","Unified_Link":"N/A","ssp1_2050":0,"ssp1_2100":0,"ssp1_2150":0,"ssp2_2050":0,"ssp2_2100":0,"ssp2_2150":0,"ssp5_2050":0,"ssp5_2100":0,"ssp5_2150":1}},{"type":"Feature","id":287,"geometry":{"type":"Point","coordinates":[-994511.25349999964,2801978.9190999996]},"properties":{"OBJECTID":287,"Unified_Name":"Moymore Causeway","Unified_Type":"Ford","Unified_Link":"N/A","ssp1_2050":0,"ssp1_2100":0,"ssp1_2150":0,"ssp2_2050":0,"ssp2_2100":0,"ssp2_2150":1,"ssp5_2050":0,"ssp5_2100":1,"ssp5_2150":1}},{"type":"Feature","id":288,"geometry":{"type":"Point","coordinates":[-990559.41210000031,2795531.4684999995]},"properties":{"OBJECTID":288,"Unified_Name":"Strangford Lower Stone Farm Jetty","Unified_Type":"Jetty","Unified_Link":"N/A","ssp1_2050":0,"ssp1_2100":0,"ssp1_2150":0,"ssp2_2050":0,"ssp2_2100":0,"ssp2_2150":0,"ssp5_2050":0,"ssp5_2100":0,"ssp5_2150":1}},{"type":"Feature","id":289,"geometry":{"type":"Point","coordinates":[-994922.51429999992,2797995.5394000001]},"properties":{"OBJECTID":289,"Unified_Name":"Salt Island Modern Water Pipe","Unified_Type":"Non-Antiquity","Unified_Link":"N/A","ssp1_2050":1,"ssp1_2100":1,"ssp1_2150":1,"ssp2_2050":1,"ssp2_2100":1,"ssp2_2150":1,"ssp5_2050":1,"ssp5_2100":1,"ssp5_2150":1}},{"type":"Feature","id":290,"geometry":{"type":"Point","coordinates":[-996013.07599999942,2797422.8291999996]},"properties":{"OBJECTID":290,"Unified_Name":"Gores Island Intertidal Wall","Unified_Type":"Intertidal Wall","Unified_Link":"N/A","ssp1_2050":0,"ssp1_2100":0,"ssp1_2150":0,"ssp2_2050":0,"ssp2_2100":0,"ssp2_2150":0,"ssp5_2050":0,"ssp5_2100":0,"ssp5_2150":1}},{"type":"Feature","id":291,"geometry":{"type":"Point","coordinates":[-996640.59160000086,2796904.3001000006]},"properties":{"OBJECTID":291,"Unified_Name":"Ballintoughter; Castle Island A.P. Site: Water Pipe","Unified_Type":"Non-Antiquity","Unified_Link":"N/A","ssp1_2050":0,"ssp1_2100":1,"ssp1_2150":1,"ssp2_2050":0,"ssp2_2100":1,"ssp2_2150":1,"ssp5_2050":0,"ssp5_2100":1,"ssp5_2150":1}},{"type":"Feature","id":292,"geometry":{"type":"Point","coordinates":[-996811.7946000006,2796749.0221999995]},"properties":{"OBJECTID":292,"Unified_Name":"Ballintoughter; Castle Island Causeway","Unified_Type":"Causeway","Unified_Link":"N/A","ssp1_2050":0,"ssp1_2100":1,"ssp1_2150":1,"ssp2_2050":0,"ssp2_2100":1,"ssp2_2150":1,"ssp5_2050":0,"ssp5_2100":1,"ssp5_2150":1}},{"type":"Feature","id":293,"geometry":{"type":"Point","coordinates":[-990121.96949999966,2796058.3574999999]},"properties":{"OBJECTID":293,"Unified_Name":"Strangford Lower Row of Stakes","Unified_Type":"Intertidal Wall","Unified_Link":"N/A","ssp1_2050":0,"ssp1_2100":0,"ssp1_2150":0,"ssp2_2050":0,"ssp2_2100":0,"ssp2_2150":0,"ssp5_2050":0,"ssp5_2100":0,"ssp5_2150":1}},{"type":"Feature","id":294,"geometry":{"type":"Point","coordinates":[-990559.41210000031,2795531.4684999995]},"properties":{"OBJECTID":294,"Unified_Name":"Strangford Lower Tidal Corn Mill","Unified_Type":"Tidal Mill","Unified_Link":"N/A","ssp1_2050":0,"ssp1_2100":0,"ssp1_2150":0,"ssp2_2050":0,"ssp2_2100":0,"ssp2_2150":0,"ssp5_2050":0,"ssp5_2100":0,"ssp5_2150":1}},{"type":"Feature","id":295,"geometry":{"type":"Point","coordinates":[-990323.26569999941,2796349.7906999998]},"properties":{"OBJECTID":295,"Unified_Name":"Strangford Lower Field Boundary Extension","Unified_Type":"Intertidal Wall","Unified_Link":"N/A","ssp1_2050":0,"ssp1_2100":0,"ssp1_2150":0,"ssp2_2050":0,"ssp2_2100":0,"ssp2_2150":0,"ssp5_2050":0,"ssp5_2100":0,"ssp5_2150":1}},{"type":"Feature","id":296,"geometry":{"type":"Point","coordinates":[-990243.20030000061,2796486.3199000005]},"properties":{"OBJECTID":296,"Unified_Name":"Strangford Lower Intertidal Wall","Unified_Type":"Intertidal Wall","Unified_Link":"N/A","ssp1_2050":0,"ssp1_2100":0,"ssp1_2150":0,"ssp2_2050":0,"ssp2_2100":0,"ssp2_2150":0,"ssp5_2050":0,"ssp5_2100":0,"ssp5_2150":1}},{"type":"Feature","id":297,"geometry":{"type":"Point","coordinates":[-995176.23990000039,2798321.1428999994]},"properties":{"OBJECTID":297,"Unified_Name":"Salt Island Stone Field Boundary Extension","Unified_Type":"Intertidal Wall","Unified_Link":"N/A","ssp1_2050":0,"ssp1_2100":0,"ssp1_2150":0,"ssp2_2050":0,"ssp2_2100":0,"ssp2_2150":1,"ssp5_2050":0,"ssp5_2100":1,"ssp5_2150":1}},{"type":"Feature","id":298,"geometry":{"type":"Point","coordinates":[-995186.84500000067,2797874.3037999999]},"properties":{"OBJECTID":298,"Unified_Name":"Salt Island Intertidal Wall","Unified_Type":"Intertidal Wall","Unified_Link":"N/A","ssp1_2050":1,"ssp1_2100":1,"ssp1_2150":1,"ssp2_2050":1,"ssp2_2100":1,"ssp2_2150":1,"ssp5_2050":1,"ssp5_2100":1,"ssp5_2150":1}},{"type":"Feature","id":299,"geometry":{"type":"Point","coordinates":[-996586.08709999919,2797768.6418999992]},"properties":{"OBJECTID":299,"Unified_Name":"Gores Island Intertidal Wall","Unified_Type":"Intertidal Wall","Unified_Link":"N/A","ssp1_2050":1,"ssp1_2100":1,"ssp1_2150":1,"ssp2_2050":1,"ssp2_2100":1,"ssp2_2150":1,"ssp5_2050":1,"ssp5_2100":1,"ssp5_2150":1}},{"type":"Feature","id":300,"geometry":{"type":"Point","coordinates":[-996736.65939999931,2797493.1457000002]},"properties":{"OBJECTID":300,"Unified_Name":"Gores Island Stone Field Boundary Extension","Unified_Type":"Intertidal Wall","Unified_Link":"N/A","ssp1_2050":1,"ssp1_2100":1,"ssp1_2150":1,"ssp2_2050":1,"ssp2_2100":1,"ssp2_2150":1,"ssp5_2050":1,"ssp5_2100":1,"ssp5_2150":1}},{"type":"Feature","id":302,"geometry":{"type":"Point","coordinates":[-994639.03199999966,2798460.0438000001]},"properties":{"OBJECTID":302,"Unified_Name":"Green Island (Wee Wife) Intertidal Wall","Unified_Type":"Intertidal Wall","Unified_Link":"N/A","ssp1_2050":1,"ssp1_2100":1,"ssp1_2150":1,"ssp2_2050":1,"ssp2_2100":1,"ssp2_2150":1,"ssp5_2050":1,"ssp5_2100":1,"ssp5_2150":1}},{"type":"Feature","id":304,"geometry":{"type":"Point","coordinates":[-996672.69849999994,2796776.5266999993]},"properties":{"OBJECTID":304,"Unified_Name":"Ballintoyer Causeway","Unified_Type":"Causeway","Unified_Link":"N/A","ssp1_2050":0,"ssp1_2100":1,"ssp1_2150":1,"ssp2_2050":0,"ssp2_2100":1,"ssp2_2150":1,"ssp5_2050":0,"ssp5_2100":1,"ssp5_2150":1}},{"type":"Feature","id":305,"geometry":{"type":"Point","coordinates":[-995844.82310000062,2798662.9382000007]},"properties":{"OBJECTID":305,"Unified_Name":"Corporation (Killyleagh): Field Boundary Extension and Intertidal Wall","Unified_Type":"Intertidal Wall","Unified_Link":"N/A","ssp1_2050":0,"ssp1_2100":0,"ssp1_2150":0,"ssp2_2050":0,"ssp2_2100":0,"ssp2_2150":0,"ssp5_2050":0,"ssp5_2100":1,"ssp5_2150":1}},{"type":"Feature","id":306,"geometry":{"type":"Point","coordinates":[-995157.12030000053,2798316.3012000006]},"properties":{"OBJECTID":306,"Unified_Name":"Salt Island Circular Stone Setting","Unified_Type":"Kelp Kiln","Unified_Link":"N/A","ssp1_2050":0,"ssp1_2100":0,"ssp1_2150":0,"ssp2_2050":0,"ssp2_2100":0,"ssp2_2150":0,"ssp5_2050":0,"ssp5_2100":0,"ssp5_2150":1}},{"type":"Feature","id":308,"geometry":{"type":"Point","coordinates":[-996766.61600000039,2797333.4656000007]},"properties":{"OBJECTID":308,"Unified_Name":"Gores Island Stone Field Boundary Extension","Unified_Type":"Intertidal Wall","Unified_Link":"N/A","ssp1_2050":1,"ssp1_2100":1,"ssp1_2150":1,"ssp2_2050":1,"ssp2_2100":1,"ssp2_2150":1,"ssp5_2050":1,"ssp5_2100":1,"ssp5_2150":1}},{"type":"Feature","id":309,"geometry":{"type":"Point","coordinates":[-995316.29429999925,2798168.4360000007]},"properties":{"OBJECTID":309,"Unified_Name":"Salt Island Sub-Circular Stone Setting","Unified_Type":"Kelp Kiln","Unified_Link":"N/A","ssp1_2050":1,"ssp1_2100":1,"ssp1_2150":1,"ssp2_2050":1,"ssp2_2100":1,"ssp2_2150":1,"ssp5_2050":1,"ssp5_2100":1,"ssp5_2150":1}},{"type":"Feature","id":310,"geometry":{"type":"Point","coordinates":[-995514.98540000059,2797863.3120000008]},"properties":{"OBJECTID":310,"Unified_Name":"SAalt Island Kelp Kiln","Unified_Type":"Kelp Kiln","Unified_Link":"N/A","ssp1_2050":0,"ssp1_2100":0,"ssp1_2150":0,"ssp2_2050":0,"ssp2_2100":0,"ssp2_2150":0,"ssp5_2050":0,"ssp5_2100":0,"ssp5_2150":1}},{"type":"Feature","id":312,"geometry":{"type":"Point","coordinates":[-990311.91699999943,2799389.0357000008]},"properties":{"OBJECTID":312,"Unified_Name":"Ballywhite Slipway","Unified_Type":"Slipway","Unified_Link":"N/A","ssp1_2050":0,"ssp1_2100":0,"ssp1_2150":0,"ssp2_2050":0,"ssp2_2100":0,"ssp2_2150":1,"ssp5_2050":0,"ssp5_2100":1,"ssp5_2150":1}},{"type":"Feature","id":314,"geometry":{"type":"Point","coordinates":[-989643.26999999955,2796344.8028999995]},"properties":{"OBJECTID":314,"Unified_Name":"Strangford Lower Stone Quay","Unified_Type":"Quay","Unified_Link":"N/A","ssp1_2050":0,"ssp1_2100":0,"ssp1_2150":0,"ssp2_2050":0,"ssp2_2100":0,"ssp2_2150":0,"ssp5_2050":0,"ssp5_2100":0,"ssp5_2150":1}},{"type":"Feature","id":315,"geometry":{"type":"Point","coordinates":[-989643.26999999955,2796344.8028999995]},"properties":{"OBJECTID":315,"Unified_Name":"Strangford Lower Stone Slipway","Unified_Type":"Slipway","Unified_Link":"N/A","ssp1_2050":0,"ssp1_2100":0,"ssp1_2150":0,"ssp2_2050":0,"ssp2_2100":0,"ssp2_2150":0,"ssp5_2050":0,"ssp5_2100":0,"ssp5_2150":1}},{"type":"Feature","id":316,"geometry":{"type":"Point","coordinates":[-1000841.7067000009,2794267.1575000007]},"properties":{"OBJECTID":316,"Unified_Name":"Demesne of Down Embankment","Unified_Type":"Embankment","Unified_Link":"N/A","ssp1_2050":0,"ssp1_2100":0,"ssp1_2150":0,"ssp2_2050":0,"ssp2_2100":0,"ssp2_2150":0,"ssp5_2050":0,"ssp5_2100":0,"ssp5_2150":1}},{"type":"Feature","id":317,"geometry":{"type":"Point","coordinates":[-1000452.9366999995,2795005.0741000008]},"properties":{"OBJECTID":317,"Unified_Name":"Demesne of Down Logboat","Unified_Type":"Logboat","Unified_Link":"N/A","ssp1_2050":0,"ssp1_2100":0,"ssp1_2150":0,"ssp2_2050":0,"ssp2_2100":0,"ssp2_2150":0,"ssp5_2050":0,"ssp5_2100":0,"ssp5_2150":1}},{"type":"Feature","id":318,"geometry":{"type":"Point","coordinates":[-1001514.0914999992,2794019.1958000008]},"properties":{"OBJECTID":318,"Unified_Name":"Demesne of Down Oyster Midden","Unified_Type":"Midden","Unified_Link":"N/A","ssp1_2050":0,"ssp1_2100":0,"ssp1_2150":0,"ssp2_2050":0,"ssp2_2100":0,"ssp2_2150":0,"ssp5_2050":0,"ssp5_2100":0,"ssp5_2150":1}},{"type":"Feature","id":320,"geometry":{"type":"Point","coordinates":[-1092895.2071000002,2881262.1986999996]},"properties":{"OBJECTID":320,"Unified_Name":"Grange Foyle Landscape Feature","Unified_Type":"Landscape Feature","Unified_Link":"N/A","ssp1_2050":0,"ssp1_2100":0,"ssp1_2150":0,"ssp2_2050":0,"ssp2_2100":0,"ssp2_2150":0,"ssp5_2050":0,"ssp5_2100":0,"ssp5_2150":1}},{"type":"Feature","id":321,"geometry":{"type":"Point","coordinates":[-1094044.2416999992,2878468.1210999992]},"properties":{"OBJECTID":321,"Unified_Name":"Ballydonaghy, Greenlaw, and Lecpatrick Battle Site: Battle of the Fords, Northern Crossing, 1689","Unified_Type":"Battle Site","Unified_Link":"N/A","ssp1_2050":0,"ssp1_2100":0,"ssp1_2150":1,"ssp2_2050":0,"ssp2_2100":0,"ssp2_2150":1,"ssp5_2050":0,"ssp5_2100":1,"ssp5_2150":1}},{"type":"Feature","id":324,"geometry":{"type":"Point","coordinates":[-1007139.7215,2902962.0727999993]},"properties":{"OBJECTID":324,"Unified_Name":"Roonivoolin: Sub-rectangular kelp kiln","Unified_Type":"Kelp Kiln","Unified_Link":"N/A","ssp1_2050":0,"ssp1_2100":0,"ssp1_2150":1,"ssp2_2050":0,"ssp2_2100":1,"ssp2_2150":1,"ssp5_2050":0,"ssp5_2100":1,"ssp5_2150":1}},{"type":"Feature","id":325,"geometry":{"type":"Point","coordinates":[-1007161.3223000001,2902957.0864000004]},"properties":{"OBJECTID":325,"Unified_Name":"Roonivoolin: Rectangular kelp kiln","Unified_Type":"Kelp Kiln","Unified_Link":"N/A","ssp1_2050":0,"ssp1_2100":0,"ssp1_2150":0,"ssp2_2050":0,"ssp2_2100":0,"ssp2_2150":1,"ssp5_2050":0,"ssp5_2100":1,"ssp5_2150":1}},{"type":"Feature","id":326,"geometry":{"type":"Point","coordinates":[-1007159.1715999991,2902925.1888999995]},"properties":{"OBJECTID":326,"Unified_Name":"Roonivoolin Kelp Kiln","Unified_Type":"Kelp Kiln","Unified_Link":"N/A","ssp1_2050":1,"ssp1_2100":1,"ssp1_2150":1,"ssp2_2050":1,"ssp2_2100":1,"ssp2_2150":1,"ssp5_2050":1,"ssp5_2100":1,"ssp5_2150":1}},{"type":"Feature","id":327,"geometry":{"type":"Point","coordinates":[-1012248.0938000008,2907608.9395000003]},"properties":{"OBJECTID":327,"Unified_Name":"Kebble Kelp Kiln and Kelp Drying Wall","Unified_Type":"Kelp Kiln","Unified_Link":"N/A","ssp1_2050":0,"ssp1_2100":0,"ssp1_2150":0,"ssp2_2050":0,"ssp2_2100":0,"ssp2_2150":0,"ssp5_2050":0,"ssp5_2100":0,"ssp5_2150":1}},{"type":"Feature","id":330,"geometry":{"type":"Point","coordinates":[-1007776.9475999996,2903907.1113000009]},"properties":{"OBJECTID":330,"Unified_Name":"Caravanally: Rectangular Kelp Kiln","Unified_Type":"Kelp Kiln","Unified_Link":"N/A","ssp1_2050":1,"ssp1_2100":1,"ssp1_2150":1,"ssp2_2050":1,"ssp2_2100":1,"ssp2_2150":1,"ssp5_2050":1,"ssp5_2100":1,"ssp5_2150":1}},{"type":"Feature","id":332,"geometry":{"type":"Point","coordinates":[-1007161.6428999994,2902915.3629000001]},"properties":{"OBJECTID":332,"Unified_Name":"Roonivoolin Store (Smuggler's House)","Unified_Type":"Storehouse","Unified_Link":"N/A","ssp1_2050":1,"ssp1_2100":1,"ssp1_2150":1,"ssp2_2050":1,"ssp2_2100":1,"ssp2_2150":1,"ssp5_2050":1,"ssp5_2100":1,"ssp5_2150":1}},{"type":"Feature","id":333,"geometry":{"type":"Point","coordinates":[-991821.33799999952,2807414.2632999998]},"properties":{"OBJECTID":333,"Unified_Name":"Darragh Island Clearance Slipway","Unified_Type":"Slipway","Unified_Link":"N/A","ssp1_2050":0,"ssp1_2100":0,"ssp1_2150":0,"ssp2_2050":0,"ssp2_2100":0,"ssp2_2150":1,"ssp5_2050":0,"ssp5_2100":1,"ssp5_2150":1}},{"type":"Feature","id":334,"geometry":{"type":"Point","coordinates":[-994665.93640000001,2800230.4540999997]},"properties":{"OBJECTID":334,"Unified_Name":"Corporation Mill","Unified_Type":"Mill","Unified_Link":"N/A","ssp1_2050":0,"ssp1_2100":0,"ssp1_2150":0,"ssp2_2050":0,"ssp2_2100":0,"ssp2_2150":0,"ssp5_2050":0,"ssp5_2100":0,"ssp5_2150":1}},{"type":"Feature","id":335,"geometry":{"type":"Point","coordinates":[-1003057.3916999996,2834531.7437999994]},"properties":{"OBJECTID":335,"Unified_Name":"Orlock Mesolithic Flint Scatter","Unified_Type":"Lithic Scatter","Unified_Link":"N/A","ssp1_2050":1,"ssp1_2100":1,"ssp1_2150":1,"ssp2_2050":1,"ssp2_2100":1,"ssp2_2150":1,"ssp5_2050":1,"ssp5_2100":1,"ssp5_2150":1}},{"type":"Feature","id":336,"geometry":{"type":"Point","coordinates":[-987326.30409999937,2814176.557]},"properties":{"OBJECTID":336,"Unified_Name":"Ballyurnanellan: Mesolithic Occupation Site","Unified_Type":"Occupation Site","Unified_Link":"N/A","ssp1_2050":0,"ssp1_2100":0,"ssp1_2150":1,"ssp2_2050":0,"ssp2_2100":1,"ssp2_2150":1,"ssp5_2050":0,"ssp5_2100":1,"ssp5_2150":1}},{"type":"Feature","id":337,"geometry":{"type":"Point","coordinates":[-986172.45439999923,2808531.7402999997]},"properties":{"OBJECTID":337,"Unified_Name":"Kircubbin: Flint Knapping Site","Unified_Type":"Lithic Assemblage","Unified_Link":"N/A","ssp1_2050":0,"ssp1_2100":0,"ssp1_2150":0,"ssp2_2050":0,"ssp2_2100":0,"ssp2_2150":0,"ssp5_2050":0,"ssp5_2100":0,"ssp5_2150":1}},{"type":"Feature","id":340,"geometry":{"type":"Point","coordinates":[-1081252.9423999991,2891749.9571000002]},"properties":{"OBJECTID":340,"Unified_Name":"Ballynashallog Submerged Bedrock","Unified_Type":"Natural Feature","Unified_Link":"N/A","ssp1_2050":1,"ssp1_2100":1,"ssp1_2150":1,"ssp2_2050":1,"ssp2_2100":1,"ssp2_2150":1,"ssp5_2050":1,"ssp5_2100":1,"ssp5_2150":1}},{"type":"Feature","id":341,"geometry":{"type":"Point","coordinates":[-1081261.7489,2891793.8853999991]},"properties":{"OBJECTID":341,"Unified_Name":"Navigation Beacon","Unified_Type":"Navigation Aid","Unified_Link":"N/A","ssp1_2050":1,"ssp1_2100":1,"ssp1_2150":1,"ssp2_2050":1,"ssp2_2100":1,"ssp2_2150":1,"ssp5_2050":1,"ssp5_2100":1,"ssp5_2150":1}},{"type":"Feature","id":342,"geometry":{"type":"Point","coordinates":[-991034.18689999916,2813208.0813999996]},"properties":{"OBJECTID":342,"Unified_Name":"Reagh Island: Unfinished Carved Cross","Unified_Type":"Cross Incised Stone","Unified_Link":"N/A","ssp1_2050":0,"ssp1_2100":0,"ssp1_2150":0,"ssp2_2050":0,"ssp2_2100":0,"ssp2_2150":0,"ssp5_2050":0,"ssp5_2100":0,"ssp5_2150":1}},{"type":"Feature","id":344,"geometry":{"type":"Point","coordinates":[-988462.89900000021,2803445.7078000009]},"properties":{"OBJECTID":344,"Unified_Name":"Ballywaddan: Circular Feature/Duck Hide","Unified_Type":"Duck Hide","Unified_Link":"N/A","ssp1_2050":1,"ssp1_2100":1,"ssp1_2150":1,"ssp2_2050":1,"ssp2_2100":1,"ssp2_2150":1,"ssp5_2050":1,"ssp5_2100":1,"ssp5_2150":1}},{"type":"Feature","id":345,"geometry":{"type":"Point","coordinates":[-991043.9160999991,2848824.8245000001]},"properties":{"OBJECTID":345,"Unified_Name":"MILL BAY Collection of finds (unstratified)","Unified_Type":"Findspot","Unified_Link":"N/A","ssp1_2050":0,"ssp1_2100":0,"ssp1_2150":0,"ssp2_2050":0,"ssp2_2100":0,"ssp2_2150":0,"ssp5_2050":0,"ssp5_2100":0,"ssp5_2150":1}},{"type":"Feature","id":346,"geometry":{"type":"Point","coordinates":[-1059923.4236999992,2898297.5670999996]},"properties":{"OBJECTID":346,"Unified_Name":"Mill Bay Collection of Unstratified Finds","Unified_Type":"Findspot","Unified_Link":"N/A","ssp1_2050":0,"ssp1_2100":0,"ssp1_2150":0,"ssp2_2050":0,"ssp2_2100":0,"ssp2_2150":0,"ssp5_2050":0,"ssp5_2100":0,"ssp5_2150":1}},{"type":"Feature","id":347,"geometry":{"type":"Point","coordinates":[-1043973.6394999996,2899455.1896000002]},"properties":{"OBJECTID":347,"Unified_Name":"Grange Beg: Submerged Landscape","Unified_Type":"Submerged Landscape","Unified_Link":"N/A","ssp1_2050":0,"ssp1_2100":0,"ssp1_2150":0,"ssp2_2050":0,"ssp2_2100":0,"ssp2_2150":0,"ssp5_2050":0,"ssp5_2100":0,"ssp5_2150":1}},{"type":"Feature","id":348,"geometry":{"type":"Point","coordinates":[-998364.62729999982,2785995.9686999992]},"properties":{"OBJECTID":348,"Unified_Name":"Strand: Submerged Landscape","Unified_Type":"Submerged Landscape","Unified_Link":"N/A","ssp1_2050":0,"ssp1_2100":0,"ssp1_2150":0,"ssp2_2050":0,"ssp2_2100":0,"ssp2_2150":0,"ssp5_2050":0,"ssp5_2100":0,"ssp5_2150":1}},{"type":"Feature","id":349,"geometry":{"type":"Point","coordinates":[-983231.3376000002,2800868.1787999999]},"properties":{"OBJECTID":349,"Unified_Name":"Slanes Point: Site of a Coast Guard Station","Unified_Type":"Structure","Unified_Link":"N/A","ssp1_2050":0,"ssp1_2100":0,"ssp1_2150":0,"ssp2_2050":0,"ssp2_2100":0,"ssp2_2150":1,"ssp5_2050":0,"ssp5_2100":1,"ssp5_2150":1}},{"type":"Feature","id":350,"geometry":{"type":"Point","coordinates":[-1079196.5285999998,2893731.0453999992]},"properties":{"OBJECTID":350,"Unified_Name":"Lisnahawley \"Admiralty Wharf\"  WW2 Wharf (Part of British & US Naval Base)","Unified_Type":"Jetty","Unified_Link":"N/A","ssp1_2050":0,"ssp1_2100":1,"ssp1_2150":1,"ssp2_2050":0,"ssp2_2100":1,"ssp2_2150":1,"ssp5_2050":0,"ssp5_2100":1,"ssp5_2150":1}},{"type":"Feature","id":351,"geometry":{"type":"Point","coordinates":[-1001884.7695000004,2792827.1623999998]},"properties":{"OBJECTID":351,"Unified_Name":"Demesne of Down Rectilinear Enclosure","Unified_Type":"Enclosure","Unified_Link":"N/A","ssp1_2050":0,"ssp1_2100":0,"ssp1_2150":0,"ssp2_2050":0,"ssp2_2100":0,"ssp2_2150":0,"ssp5_2050":0,"ssp5_2100":0,"ssp5_2150":1}},{"type":"Feature","id":353,"geometry":{"type":"Point","coordinates":[-987372.65799999982,2813227.5990999993]},"properties":{"OBJECTID":353,"Unified_Name":"Ballyurnanellan: South Island Raft Launching Site","Unified_Type":"Non-Antiquity","Unified_Link":"N/A","ssp1_2050":0,"ssp1_2100":0,"ssp1_2150":0,"ssp2_2050":0,"ssp2_2100":0,"ssp2_2150":0,"ssp5_2050":0,"ssp5_2100":0,"ssp5_2150":1}},{"type":"Feature","id":354,"geometry":{"type":"Point","coordinates":[-988821.34060000069,2813855.9737999998]},"properties":{"OBJECTID":354,"Unified_Name":"Chapel Island (Greyabbey): Tree Stumps","Unified_Type":"Submerged Forest","Unified_Link":"N/A","ssp1_2050":0,"ssp1_2100":0,"ssp1_2150":0,"ssp2_2050":0,"ssp2_2100":0,"ssp2_2150":0,"ssp5_2050":0,"ssp5_2100":1,"ssp5_2150":1}},{"type":"Feature","id":355,"geometry":{"type":"Point","coordinates":[-988879.63819999993,2813673.9949999992]},"properties":{"OBJECTID":355,"Unified_Name":"Ballyurnanellan, Chapel Island, and Greyabbey Kelp Kiln","Unified_Type":"Kelp Kiln","Unified_Link":"N/A","ssp1_2050":0,"ssp1_2100":0,"ssp1_2150":0,"ssp2_2050":0,"ssp2_2100":1,"ssp2_2150":1,"ssp5_2050":0,"ssp5_2100":1,"ssp5_2150":1}},{"type":"Feature","id":356,"geometry":{"type":"Point","coordinates":[-1093900.4893999994,2879121.7421000004]},"properties":{"OBJECTID":356,"Unified_Name":"Strabane Canal","Unified_Type":"Canal","Unified_Link":"N/A","ssp1_2050":0,"ssp1_2100":0,"ssp1_2150":0,"ssp2_2050":0,"ssp2_2100":0,"ssp2_2150":0,"ssp5_2050":0,"ssp5_2100":0,"ssp5_2150":1}},{"type":"Feature","id":357,"geometry":{"type":"Point","coordinates":[-1006248.6077999994,2826921.0929000005]},"properties":{"OBJECTID":357,"Unified_Name":"Queens Island Hamilton Graving Dock","Unified_Type":"Dry Dock","Unified_Link":"N/A","ssp1_2050":0,"ssp1_2100":0,"ssp1_2150":0,"ssp2_2050":0,"ssp2_2100":0,"ssp2_2150":0,"ssp5_2050":0,"ssp5_2100":0,"ssp5_2150":1}},{"type":"Feature","id":359,"geometry":{"type":"Point","coordinates":[-1008780.3739999998,2897409.4471000005]},"properties":{"OBJECTID":359,"Unified_Name":"Tornaroan Salt Pan","Unified_Type":"Industrial Site","Unified_Link":"N/A","ssp1_2050":0,"ssp1_2100":0,"ssp1_2150":0,"ssp2_2050":0,"ssp2_2100":0,"ssp2_2150":0,"ssp5_2050":0,"ssp5_2100":0,"ssp5_2150":1}},{"type":"Feature","id":360,"geometry":{"type":"Point","coordinates":[-1040030.7433000002,2893151.9618999995]},"properties":{"OBJECTID":360,"Unified_Name":" Bann Navigation: Lock 1","Unified_Type":"Canal","Unified_Link":"N/A","ssp1_2050":0,"ssp1_2100":0,"ssp1_2150":0,"ssp2_2050":0,"ssp2_2100":0,"ssp2_2150":0,"ssp5_2050":0,"ssp5_2100":0,"ssp5_2150":1}},{"type":"Feature","id":361,"geometry":{"type":"Point","coordinates":[-1018719.1734999996,2903552.3598999996]},"properties":{"OBJECTID":361,"Unified_Name":"Ballintoy Demesne Harbour Complex","Unified_Type":"Harbour Complex","Unified_Link":"N/A","ssp1_2050":0,"ssp1_2100":0,"ssp1_2150":0,"ssp2_2050":0,"ssp2_2100":0,"ssp2_2150":0,"ssp5_2050":0,"ssp5_2100":0,"ssp5_2150":1}}]}